player.prolific_id,blank
5422b9f9fdf99b328baf8de6,
54aa0ddffdf99b57183eb64b,
55ac3198fdf99b6de3b68b23,
576311d7151e5d000889e2e7,
5789972670c76a00012433b3,
57c015df4436cf0001c1d225,
57d5ab3a722df500017f3622,
57e4863fea00cf0001d4965e,
5810dfccaba80400016f13ea,
58a5cf959e040a0001399f07,
58bef6fd31de840001e84ba0,
58bfee7de5869400018f5e9e,
596634e005f2df00017281ae,
597d52463358830001cad7cf,
599f00c54d25e800012fc9a6,
5a04e1227ecfc50001be0c11,
5a913be789de8200013ea962,
5a9aa66a35237b000112937b,
5ac5a9a9f69e940001d984b5,
5b0d0beed282ff00015b9972,
5b222aff59f9620001c109cb,
5bae2de627fb5000013b068c,
5bb7b83ab791890001f4fd90,
5c0ed000fd0c0a0001f881ea,
5c2b9ce5b337310001996c05,
5c3a865019ceb400010c914a,
5c41f9ce4fe4f800016dfaac,
5c560b6fccb08c0001e134a8,
5c5cad3e4ee81200018eafe2,
5c66cc9246bfc200019044b8,
5c7bc8ea5a669300172440fc,
5caccbc4976d010014b9cd9d,
5cbfba1ad074ee00016acf52,
5cc3f0f9fdb33500018c5eeb,
5ccb9a7eac174f001808e30e,
5cfd23397cb818001727695c,
5d1cbebd56f8cf0015425d2a,
5d1d8aaf32ab4a00013fadb7,
5d1e4a3ed4b9d60001ec8f1c,
5d779a30f80b9e00165b3772,
5d7e6ca9e7d6cc0018914ee9,
5d8a62e934146e001a8ea16d,
5dbb6eaf9f4c94178fc8b7c5,
5dc12924d362410a4ad6d8dd,
5de311645feb6e33b01682db,
5e1647f6f52510000a7389b6,
5e459f61418f610891628564,
5e5bd71ee0777c3bbe5b108c,
5e688b541b3dbf12adf3d94e,
5e714522bac83d05b8a3e63b,
5e7387ad686c0c2e059572db,
5e81b4ab1fa05c00097c8c9d,
5e822d17f956a29530ccc2f8,
5e8d0662babca60cd2457e75,
5ea07f2c55a2bd050fd8f70b,
5ea8018973b0521f70fe7ba1,
5ea967566e16ad037690bc4c,
5ea9907f7f05ba09cf73958d,
5eac8da06e45b62f3939a76c,
5edca29654fe059801608fc0,
5ee93a8aa43b042d2529faec,
5f16d4bf2c8000017b20331a,
5f3ec93efbd299158253f283,
5f4538b6ffe9f50c3cbe3ae1,
5f4e12f4bfcaa83ec7f3f5f0,
5f4e97aae4fe380a7bad99c7,
5f5327adfc189062fa0e0fb1,
5f54cdbcd2fd0a8484ef4645,
5f966b181caf595331d1685e,
5f97222fa31f2709bcd63373,
5fb2f265c927279c34edfe94,
601705a0246e51313e8ed38e,
602ba62750c603308389e87f,
603564dc82c4a0fb713861b5,
60547b4561f591f963b10ca7,
606e3cce02e2e8a8c965ca75,
609193e5a0cea97bf00ac6e2,
6099911160f3e9d0d94b18e8,
60a312b33a3666a9ec786414,
60a8bd22d03adbe92cbb9a5e,
60aad516e34718d318bfb44d,
60ca1c436511b9fc8ab35615,
60dae7f7ca5ccaa419552ed8,
60db6cbfbdc2bef6285fe52c,
60dca1012ab07b005628136f,
60e197c98498a8f2baa8bc24,
60e282f9202a8126e2ea0315,
60ec17bbca621383f7703474,
60ed8b9aa9275e30071f2e86,
60efa510e3cdfbbf4d7c355b,
60f69cc95b0429dc763ff1a0,
610fcfe70592d59fc629f2a5,
611117d79c57e6744e059bc4,
6116d9f7527268b298bb3b2a,
6117bb7900c0ba81f079a4ee,
611cd5bfd7197f8a2a3682d1,
614831813dc412ccc8e2f563,
614dcc85f9b130cad7844ceb,
6151b373b274d12a949a4369,
615b1ab789b14c9996251fb4,
615b8628e36642dc441f4711,
615dd36156bf443246c0b660,
615e28098f24bcb3e5e83300,
6161bdbff67e4b4621b530e7,
616f798530ff27d100493ede,
6170cb31c3656859cca7cc57,
61767385d5bf6ad7a176572c,
62714a240ed387f760f6741b,
62b626b7cc2365d4e7f5c5aa,
631c8e97db06f601f81bd82f,
6323548b436fb6bb2948c920,
63236eea29b04198102f9ad3,
634957b2decaf2d2b47f1e85,
63cfee94707bca4ddee3eb05,
63d190d52bb71e0e81d868f2,
63e5665b49cf3cdbd54ea57b,
6405feae7d6321bfaaf793e8,
644f162cac2c2b8aa0583b89,
645d03acd1302079adbc39f9,
646219bb0b91a6f3327e39fb,
646bd812bf93129feeb5a3dc,
6472025f5e1c922497375ce2,
64da2b7a027be8f2c3e6dfc2,
64fee13e6324ea4884bcc9db,
650433154f8a5c79177fae99,
6516ef80edad82a92cb27fb9,
6544fd514964fea23051c3b7,
656c8bf46599eb729c0ade1c,
6581aa86ae8e6b6ae9adc48e,
65956ab743aa1e8fe002ba3b,
65a2c1313cc27e970219a392,
65a96ef16673a664102383bf,
65cce024500351e8c8f7ff26,
65cf6d8a589a67afcab54e6f,
65f0f453b4f21e8b65058d03,
65f1ee12589aa15061efa22a,
65fb0b185f0a504431d66cf1,
65fb11fa63f6a4a129409026,
65fb13bebfa339f73b4cf76a,
65feaaac53eb219f09ad5ea0,
66033df1ae671a48d8065a7f,
6605ce2090686829a483140a,
6609619feb79146b62811775,
660d675bbdf59327d9deb4ad,
6612a3d099bbffc5cc1eebff,
661415341b1fdb1844c6f6a6,
661d0519cc11725a3f0e16ab,
6629590de0554e4996934b9e,
6630ec10efe9f6624eb24482,
66422fc2e658598209ebc05a,
664a0d8b5ef52adae600c9fa,
664b8cea76bb80570322160f,
664e326b5579c6f6ca3fd1ff,
664e413a5f3eb7f99d90e15b,
6650e473608d3961fbf2ddf0,
6651d67c16a15ab9a2efbe48,
6651e26558b5973c2cff426b,
66587a03138c697f41bd4fa8,
6658bbc6589d777bab78b02c,
6659beb07a900f403259c2d9,
665a9ddb536966183500a7b1,
665ae83fe8e62bc79a731fb9,
665c74c0a74cc37cc0299d7c,
666328d8677a71d72b2544f2,
6663292eb7436e1528fc7a96,
6665fdcffb9c8e828cd159cd,
6666a596046b0de2fab51dd7,
666c4699beb014a7b85ccea1,
6670361dc14a62aa74565156,
6670687c2a93686aaa3ea236,
66720be5c9d45c5be53d1029,
6672e6b02916e61a88d5aa27,
667da6b83c73b101dbb3f463,
66800d282a98aea1521563b4,
6686a110135b1a9aca0610ad,
668796f32bb0599e8ff9bfef,
668970d8dd2605a617d7c2e3,
66897958f4e99d36b4091abe,
668dc78871d7ac60f95d1aa2,
669177c66d14fd83c2a18125,
669676da65c6fa1b457998c9,
66967b12b71634533c3138ea,
6697c19cf4468e7be8305c16,
669bdad53c058df5b00af502,
669cc480ca3a8872c5816472,
669d0b18e3a1ae0b5f7571ef,
669f76a7112b8713f104644c,
66a1562922a51371d59caaa1,
66b304ef9f056814fafad710,
66b91ee649636fce844ef133,
66bd13f51047fbf3a50f105e,
66c5960ef87935749c75c324,
66c88d10bb76ebef57d6b145,
66c9c2c306fb45dcb4655b23,
66ce24f208f588238d4ccd3b,
66cec53bdc37b68c08c86c51,
66cf216cef76bdfb35082816,
66d5d10f4defd1d7b2cdd5c5,
66d60c3c3cffa72d496ad695,
66d749dad04d6166d7928a7f,
66d78a01691311e47b5d56fa,
66ddd34dd909724fe8747ae7,
66e3fa89af58f3c05fa2ff30,
66ec55c7b04cba885d32efb7,
66f305037af69346a9a55b42,
670fdc6fd1367ae0f94702bf,
671a528fe9658f0a32bd55ce,
671d22f9355f8f1efaf7397c,
671ef50c136676c91533747b,
672268205351c30413c9837e,
6723422d5f63c70998014b03,
672380a64e984ba03695602f,
6726b535f9fbef5487989210,
67292b38c60932d4ab0eeeb6,
672a844656ca03498e04cd76,
672b330d847a68f7de308027,
672b5297d4665ff8d00e22ee,
672bb827792cbf84cea1e3d4,
672fd24711f758e7a04ac043,
6731c8cf777d08395d4a93cc,
6733467c8548f3af0a1a6175,
67364209fa9fe83464c0be80,
6738a38d5b42ebdad45239a4,
6738d09a032bf7224008ce7e,
6739e3acb2afb73a1398709b,
673f42b0fc2812740a093dce,
673fc88106d7779a0f39642e,
674066a20dd7ea932dfcd1ea,
6742fd0efbb5712e14e693e5,
67448b834d264c04298f4f34,
67471c6d6557adf9044c6ac2,
674c7abb22ba9d7bfd02e91f,
674d99171387dca1d58cb882,
675351e5c347e5839db66ff3,
67593dad583401da855ae4ca,
675aece50b8af879ff9996d1,
67606663e5ad15d60ffeb222,
67669c895eba0f7a6475ae92,
67698c3573d3cbf6add78578,
6773d42d35be03a65cf4b3e1,
6776308d5642ec4c09a1b1f4,
67765cb5eae26d06c3116c3a,
6777cd52fe65fb187a8e4558,
677aa3ae600d54e521086c16,
677e70f0d6d8d5845870e6a5,
677fddab32b1fdcb6da8051e,
67839886a09ff9fef57d6ba9,
6783b1bae83ff2f105320120,
678651bac880c33c924460df,
6787d9bc5659757828c2a609,
67895b7d6400163124042af7,
67895c93d815b5157dfd15e2,
678b5e48c933281b1ffe0e0b,
678ca883f058d48a8aa304dd,
678d2c14b4c8f25bad8614a0,
67910fabfb03e912caeecf64,
67a8be827c4f509f84b7ae5b,
67a8cef17659f46eea91b2df,
67acf1d438e2c92a40f88a9e,
67acf9971a4e1d7669055472,
67ad260c6e1b27ca47ae533e,
67adb1ae6058af982cf60d8c,
67adb520391eb17f214a50b4,
67bf5ad9c5a4637861cfd21e,
67c047865244703b7a2bd18e,
67c47950cc576a988bc78e4b,
67c6c37ea212b554c99e53d7,
67c6e69dc44b7d93916f6cb7,
67c719f77b0b26bb76790bb4,
67c741690c66e5b2b93bcc9d,
67c832566c0dd3e700710ddf,
67c87d49f6476e7c0c59b1a6,
67c9e8e5ec86b1f821a8d5c7,
67ca953978a3d323ac474a3b,
67caabfc78a3d323ac476629,
67cac9c704712b2393e52905,
67cde818b20a48aca3c185a6,
67ce8f66ab588727caf7d5b6,
67cea841046ca74e2069ae47,
67ceea767be1306940ed6800,
67cf5e527878aa7af3237832,
67cffd43e29c74df505da124,
67d00e89869f56bc67682c09,
67d01476d2b2d56f29a01f89,
67d023dff9e6f2f237f7309f,
67d04219a098cf64d8058e8e,
67d0440cfc5f515274a6be42,
67d065dce723175895e18af9,
67d170ddfc211e59df540b6f,
67d2b98405e84950d88e7722,
67d2c94162ce2ea52a1f17c1,
67d4bdadaa5737666a7788e3,
67d6e53407cb5301b586215a,
67d80a3af020d4f6a1ec26b9,
67d8270aba9f1c19f16caa6c,
67d846e847a41d29a7f6fcb3,
67d87d4f0eb4b49d7f595491,
67da9723c5bc3be790ec308f,
67da9ca6033c1ba4ba64e43b,
67dabe7c2321bf81a7102040,
67dae998d8f2cfb8a8e3bf03,
67dafba00e11cc51a232df6b,
67db18c94909b8b0a6acd237,
67dbfd5c13f69f693d27d691,
67ddc09da427b74ec7124351,
67e2c38c9e03e5dc5c575304,
67e3279bef0273a1887e94fc,
67e5332fd4a2fce36b985eea,
67e53af5e6979104d82d24aa,
67e6bc676fb4db70edc23b5b,
67e94945e5f6a3090ed5a9d0,
67ecca121e3a43c36774dd06,
67ed8c413ee1e246af13b598,
67ed90c8d7127da036732655,
67ee5a80c1cc965d91e6c35c,
67eed843d81252550b276c1b,
67efb40e109c97ac3a0505b2,
67eff2b1a264260e948a4d14,
67f0c5d37f91ceae5cb3b318,
67f127d6c09bbf379bd18ab6,
67f16925364c696866c13aa3,
67f184a3b82990251abd1592,
67f18f78356ff38124711038,
67f2f4b9769f12d21471a6b9,
67f4ccddecca204ee42d44dc,
67f4ea448eb6a2b293c1f2fc,
67f6605ced5dd7dd7076dc82,
67f6a640d2046b13fcf33328,
67f81095730db61c061dd43b,
67f9860551b32c7ea3f4a8ab,
67fb8732b30eba4870dfeb04,
681339cff2e94d625ade361b,
68138e7f96395f4c5f3a0a87,
6813ee94347bb13e5862b369,
68149dcf2c448d5a6f8b1502,
6818d4d02ff03f00b595e863,
681f0b4fb28dc1b7d4b5451d,