bootstrap_iter,model,test_accuracy,test_auc,test_log_loss,test_mse
0,transformer_full,0.8122453526865292,0.901995062608948,0.3653412015634848,0.1178823340615232
1,transformer_full,0.810972116119175,0.9018265441571915,0.36535024370588215,0.11816678737539814
2,transformer_full,0.8096193022663611,0.9012050990089426,0.36625843197958713,0.11851870775202088
3,transformer_full,0.8110039470333588,0.9002755255889974,0.3678840095070008,0.11904973536856572
4,transformer_full,0.8081391647568118,0.8998344394502811,0.36893409301855845,0.119505257285938
5,transformer_full,0.8099535268652915,0.9017434521296519,0.36651516156616165,0.11844482364034371
6,transformer_full,0.8094442322383499,0.9026228772012421,0.3651955077303368,0.11813650842350273
7,transformer_full,0.808966768525592,0.9007911049627604,0.3687306037710581,0.11929206150088466
8,transformer_full,0.809189584924879,0.9008775785555978,0.3668424992050218,0.11891540853082698
9,transformer_full,0.8116087344028521,0.9028025373003646,0.3629979822973767,0.11747382145079721
10,transformer_full,0.8091418385536032,0.901388051501908,0.36619368457948476,0.11866501761755707
11,transformer_full,0.8104309905780493,0.9001104457104201,0.36843688629374577,0.11932578054822779
12,transformer_full,0.8079481792717087,0.8997886481000013,0.3699689163258233,0.11969745422435268
13,transformer_full,0.8124204227145404,0.9038383241833479,0.36224672012738107,0.11716220944663719
14,transformer_full,0.8083619811560988,0.8995950093065628,0.3697909015371321,0.11958674371449006
15,transformer_full,0.8108766233766234,0.899970225509851,0.3696766089544133,0.11933821924158648
16,transformer_full,0.8093169085816144,0.9025707309015036,0.36438612169320206,0.11802679410110938
17,transformer_full,0.808314234784823,0.8996511208863041,0.3691763631818333,0.11946105342708925
18,transformer_full,0.8107652151769799,0.9032952143850251,0.3626565545205963,0.11734136270494201
19,transformer_full,0.8091418385536032,0.90041198305868,0.36906518112578557,0.11924439150047643
20,transformer_full,0.8083460656990069,0.9033618827032468,0.36304179460908537,0.11761489784575019
21,transformer_full,0.8106219760631526,0.9030210771369223,0.36403539923200184,0.11782271290119165
22,transformer_full,0.8105901451489687,0.9015852892099298,0.3652698262412028,0.11836577327158336
23,transformer_full,0.8089985994397759,0.9015787011502132,0.3672353184002843,0.11863510289614866
24,transformer_full,0.8090463458110517,0.8996531922845094,0.3708350809890216,0.11991662315108703
25,transformer_full,0.8097625413801884,0.9020252461336097,0.36502929217447894,0.1182395994543318
26,transformer_full,0.8105901451489687,0.9035330129657411,0.36493829367307035,0.11765588672995277
27,transformer_full,0.8118952126305068,0.902380851672677,0.3640285256379342,0.11782582310275358
28,transformer_full,0.8093169085816144,0.9007787399698575,0.36757673447605005,0.11908328092886482
29,transformer_full,0.8081232492997199,0.9013667100192635,0.3676357451244524,0.11891175571049215
30,transformer_full,0.8130570409982175,0.9023289204624703,0.36298893886236017,0.11758964573389856
31,transformer_full,0.8087280366692131,0.9006991917949478,0.36814092925846303,0.1192208398651325
32,transformer_full,0.8086962057550293,0.901048801331445,0.3684839645477216,0.1190741214114351
33,transformer_full,0.8088076139546728,0.9000383778851205,0.36867082108939914,0.11938980131371259
34,transformer_full,0.8125795772854596,0.9029056694495914,0.3636884102945122,0.11750626967783483
35,transformer_full,0.8110516934046346,0.9027474386085528,0.36360954220888086,0.11767343806953791
36,transformer_full,0.8110198624904508,0.9014085926269049,0.3661394788037592,0.1184679155999606
37,transformer_full,0.8098739495798319,0.9025356208060719,0.36492036781907883,0.11805083183262058
38,transformer_full,0.8093169085816144,0.9019314963920281,0.3655058467387127,0.11821890718670675
39,transformer_full,0.8110994397759104,0.9025363798752865,0.3643269950460177,0.11775184011479874
40,transformer_full,0.8123249299719888,0.901948201389065,0.3650282230560504,0.11812046478199065
41,transformer_full,0.8096193022663611,0.9023395063103092,0.36447978833646294,0.11799646753969409
42,transformer_full,0.8123885918003565,0.9042016803766093,0.3623258441263065,0.1170342464528831
43,transformer_full,0.8079481792717087,0.9011102459681264,0.36673637563483075,0.11883806794960323
44,transformer_full,0.8106697224344284,0.9012714874381271,0.36724340053231236,0.11865583874416656
45,transformer_full,0.8094919786096256,0.9012905119555354,0.36677040207016964,0.1186181434824641
46,transformer_full,0.8101604278074866,0.9028147331752453,0.3646231298941875,0.11790448331135887
47,transformer_full,0.8071046600458365,0.9010665346381086,0.36732568975544183,0.11919590523483019
48,transformer_full,0.8107174688057041,0.9005800129484487,0.36703790045709866,0.1188812202007102
49,transformer_full,0.8124363381716323,0.9011550386364735,0.3678570281046925,0.11870122075874082
50,transformer_full,0.8092214158390629,0.9013081635499356,0.36615826776453375,0.1185157417593822
51,transformer_full,0.8088076139546728,0.9019719361029719,0.36547098982534204,0.11833114908710028
52,transformer_full,0.8113222561751974,0.9011192744522463,0.366666802000255,0.11868381346769134
53,transformer_full,0.8124681690858161,0.9022917483406965,0.3643656676471032,0.11785252699383511
54,transformer_full,0.8105105678635091,0.902113476406448,0.3639278902736353,0.11790762514484764
55,transformer_full,0.8122135217723453,0.901479642428336,0.36635802296212744,0.11827453200462586
56,transformer_full,0.8082664884135472,0.9005343247849817,0.3675729088721184,0.11893580234927431
57,transformer_full,0.8092055003819709,0.8997093190169809,0.3706054269475317,0.11980806353803217
58,transformer_full,0.8121976063152534,0.9019511883861504,0.36523454241645337,0.11809180767342797
59,transformer_full,0.8112267634326458,0.9024943047571358,0.3640562401407263,0.11769736584239067
60,transformer_full,0.8100490196078431,0.9018582722284929,0.3660581831999423,0.1184298866990531
61,transformer_full,0.8090463458110517,0.9019480870859604,0.3656467591341781,0.11835040163163671
62,transformer_full,0.8086643748408454,0.9000024646945614,0.3684798303378145,0.1193273478155731
63,transformer_full,0.8079640947288006,0.8999694684446902,0.36796215130580945,0.11941094850317709
64,transformer_full,0.8051629742806213,0.9013182352411035,0.36839024276467114,0.119317962549642
65,transformer_full,0.8092691622103387,0.9018421192878208,0.36538088860983403,0.11829102189867817
66,transformer_full,0.8082983193277311,0.900793063414131,0.3677353248071322,0.11905511586059196
67,transformer_full,0.8108925388337153,0.9020623382683587,0.3647089949815537,0.11803859191192742
68,transformer_full,0.8111471861471862,0.9012288551439749,0.36639981206767896,0.1184078741420184
69,transformer_full,0.8086484593837535,0.9012063860170594,0.3667430424165604,0.11878705234188823
70,transformer_full,0.8094283167812579,0.9017064649213415,0.36684766770534377,0.11877605319861835
71,transformer_full,0.8105583142347849,0.8995722663373649,0.3685111706686571,0.1189673515649919
72,transformer_full,0.8106378915202445,0.9021173065261039,0.366812109207536,0.11865050806788004
73,transformer_full,0.8112745098039216,0.9012508837069437,0.3661845545652639,0.11851437255295365
74,transformer_full,0.8101126814362108,0.9020480851661915,0.36607896196243567,0.11834348347646374
75,transformer_full,0.8102559205500381,0.9013489527343397,0.3674475160986316,0.11879376726731078
76,transformer_full,0.8089031066972243,0.8993927573307285,0.3695746784456912,0.11978439799600425
77,transformer_full,0.810064935064935,0.9017597255548689,0.36670003933161777,0.11849668035951526
78,transformer_full,0.8108607079195315,0.9006708309463615,0.36676027458664484,0.118694811519088
79,transformer_full,0.8090940921823275,0.9004936859477246,0.3678672142931557,0.11908799822537629
80,transformer_full,0.8119907053730583,0.9021603335438304,0.3655870321713616,0.11811706977621274
81,transformer_full,0.8084893048128342,0.9008664120810708,0.36891400264430524,0.11923892908648423
82,transformer_full,0.8095078940667176,0.8990701137587758,0.37068483908115246,0.11989235308870673
83,transformer_full,0.8079800101858925,0.9018832139929144,0.3669339867144741,0.11875624719767691
84,transformer_full,0.8104469060351414,0.9015646010557061,0.3665631574441535,0.11849602586552248
85,transformer_full,0.8079322638146168,0.9002087939411658,0.3684746397440166,0.11939344369342063
86,transformer_full,0.8097466259230965,0.9021076816878557,0.3652378910656702,0.1181866588161677
87,transformer_full,0.810956200662083,0.900905808319677,0.36613129175091785,0.11851770053682609
88,transformer_full,0.8093328240387064,0.9000168037905973,0.36856836529887016,0.11945263757470272
89,transformer_full,0.8118156353450471,0.9036218858345118,0.3629856075114167,0.11741165290792208
90,transformer_full,0.8127705627705628,0.9020942183797777,0.36425189360135074,0.11791584688047776
91,transformer_full,0.8118792971734148,0.9024488405914057,0.36465094302066364,0.11796786675183782
92,transformer_full,0.8101126814362108,0.9034670125536765,0.3642562148823943,0.11767517395039846
93,transformer_full,0.8120225362872422,0.9033407872499268,0.3628154920736567,0.11746900222104274
94,transformer_full,0.8064043799337917,0.8994902054703726,0.37229551535157496,0.12043484159619423
95,transformer_full,0.8089190221543163,0.9021247691089395,0.36534200052207566,0.11819793213392654
96,transformer_full,0.8076935319582378,0.8992618805953235,0.37031983024546417,0.11988617323818622
97,transformer_full,0.8087439521263051,0.8988027951811273,0.37249475900800116,0.12022959296342964
98,transformer_full,0.8109402852049911,0.9015369619465404,0.36735467323759463,0.11866892451766307
99,transformer_full,0.8105901451489687,0.9013336427440123,0.36599521354426134,0.118542699995579
100,transformer_full,0.8131047873694932,0.9028660261607182,0.36325791141379704,0.11743192017771859
101,transformer_full,0.8093964858670741,0.9011412697485648,0.3672377187118059,0.11870746329723944
102,transformer_full,0.8107652151769799,0.9021262087324893,0.36583282190289,0.11820110153152465
103,transformer_full,0.8105583142347849,0.9023775345694948,0.364951296260477,0.11802105635705358
104,transformer_full,0.8099376114081996,0.9006451477728078,0.36774782266649886,0.11889258386915269
105,transformer_full,0.8089349376114082,0.9003178711149815,0.3688231080894023,0.11938367741154778
106,transformer_full,0.8105742296918768,0.901295458845516,0.36569203288510604,0.11841093411280174
107,transformer_full,0.8093328240387064,0.9001317563285371,0.3678249880473592,0.11910245574502493
108,transformer_full,0.8106697224344284,0.9010320800103727,0.36616446405178366,0.1184683080123801
109,transformer_full,0.8070409982174688,0.899565478830819,0.3695019137131392,0.11966556867523455
110,transformer_full,0.8098898650369238,0.9023754276620723,0.36390063612714035,0.11793210392752063
111,transformer_full,0.8093169085816144,0.9014484917868333,0.36706050203911006,0.11878350303926467
112,transformer_full,0.8100012732365673,0.9015848157079358,0.3662805328104891,0.11857876463921004
113,transformer_full,0.8094283167812579,0.9020931080714263,0.36608024484972174,0.11840521556359519
114,transformer_full,0.8097147950089126,0.9040572458879785,0.3621325133053871,0.11721644336974799
115,transformer_full,0.8099535268652915,0.9013614580905778,0.36667871870805036,0.1187817306540141
116,transformer_full,0.8075184619302266,0.9018030430328727,0.36677259821445934,0.11868992851599577
117,transformer_full,0.8117042271454036,0.9042379023192315,0.361962479408882,0.1171190034585867
118,transformer_full,0.8093805704099821,0.902022232735561,0.3658631584046451,0.11818708425384489
119,transformer_full,0.8112108479755539,0.9026008305272684,0.3644157456090201,0.11797071421949487
120,transformer_full,0.8111153552330023,0.9022684166676624,0.3648087736105035,0.11785274900782006
121,transformer_full,0.8108766233766234,0.9031465930770739,0.3639529057076606,0.1178065749660736
122,transformer_full,0.8101763432645785,0.9027810380739104,0.36423739598119687,0.11796690404886369
123,transformer_full,0.810303666921314,0.9011352884947087,0.36695893371692295,0.11863202054030848
124,transformer_full,0.8112904252610135,0.9030292185005775,0.3646706000018105,0.11773726087473965
125,transformer_full,0.8118952126305068,0.9023724768119284,0.36390258723609104,0.11772217755955015
126,transformer_full,0.8113859180035651,0.9038356680922408,0.36275668232449737,0.11739284736148499
127,transformer_full,0.8108766233766234,0.9012868727424787,0.36646252106843163,0.11861927316696065
128,transformer_full,0.810749299719888,0.9018082912409155,0.3660909074803997,0.11844885281492182
129,transformer_full,0.8139642220524573,0.9021818136654989,0.36362948818759566,0.11755505519486556
130,transformer_full,0.8083301502419149,0.8999274596440883,0.3693047882118528,0.11947278878000214
131,transformer_full,0.8086325439266616,0.9002212034890844,0.3691346047280773,0.11949984476939408
132,transformer_full,0.8128978864272982,0.9027355974236642,0.36430950270574264,0.11766894830349957
133,transformer_full,0.8108766233766234,0.9024273817799433,0.36598550502092214,0.11829030033127086
134,transformer_full,0.8115769034886682,0.901303096458028,0.36569854434562893,0.11844120825025535
135,transformer_full,0.8117519735166794,0.9023618106509306,0.3634497816189273,0.11761444594119169
136,transformer_full,0.811194932518462,0.9019259842997762,0.36533484280895945,0.11821945457967717
137,transformer_full,0.8089349376114082,0.9018731048729349,0.3672190962122684,0.11869782624143906
138,transformer_full,0.8099376114081996,0.9019290742225787,0.36686909673835993,0.11844862591050699
139,transformer_full,0.8096193022663611,0.8997239267287498,0.36812787913890577,0.1193306552817727
140,transformer_full,0.8091577540106952,0.9012506128499433,0.3666963189356839,0.11876767526748445
141,transformer_full,0.8124204227145404,0.9027437567738381,0.363884914851324,0.11772290753341057
142,transformer_full,0.8079800101858925,0.9023493134695042,0.3658607933376324,0.11823579369001032
143,transformer_full,0.8103514132925898,0.8999167123342722,0.36809105702296363,0.11932802232795796
144,transformer_full,0.8113859180035651,0.9020458029016378,0.3638179450612354,0.11778794666411763
145,transformer_full,0.810956200662083,0.9015183158077634,0.3657345157118875,0.11836145024963572
146,transformer_full,0.808314234784823,0.9018726357824777,0.3666768129441422,0.11882263283021169
147,transformer_full,0.8106378915202445,0.9014212250264038,0.36668348817652147,0.11859340056228335
148,transformer_full,0.8089508530685001,0.9020489117943133,0.3671033499047649,0.11871492862623893
149,transformer_full,0.8085847975553858,0.8998804959219542,0.3690667151877403,0.11950034453011676
150,transformer_full,0.8102559205500381,0.9014325891965522,0.36662632053284444,0.11865667356554412
151,transformer_full,0.8070728291316527,0.8998585603956042,0.37085655988480715,0.12011515002596136
152,transformer_full,0.8111153552330023,0.9021182966032638,0.3645621649846976,0.11777897209149664
153,transformer_full,0.8085847975553858,0.9008311126081279,0.3685288113006041,0.1190326660291959
154,transformer_full,0.8107970460911638,0.9029493386689702,0.3631857230943836,0.11751235314381947
155,transformer_full,0.8131684491978609,0.9015799720132809,0.36545547548706875,0.11805499011730218
156,transformer_full,0.8118792971734148,0.901456648186624,0.3657027098106635,0.11830012209101284
157,transformer_full,0.8158581614463968,0.9045464082799192,0.35970047869323984,0.11638061657474416
158,transformer_full,0.8106219760631526,0.9016832607341103,0.36637087020176556,0.11840203881477304
159,transformer_full,0.8107015533486122,0.9015186691713261,0.3680548478789439,0.11876683596915884
160,transformer_full,0.8120066208301503,0.9022717287218507,0.3652231434514685,0.11796953704216467
161,transformer_full,0.8113859180035651,0.9021699531526446,0.3644102591591258,0.11790792297105981
162,transformer_full,0.8098739495798319,0.9020471979401306,0.36688255408796216,0.11863979128083532
163,transformer_full,0.8122135217723453,0.9014808088363843,0.36600602099651863,0.11830196703087167
164,transformer_full,0.8128978864272982,0.9047183572155435,0.36119274613894237,0.11668666726783576
165,transformer_full,0.810064935064935,0.9025628014034073,0.3651281319740225,0.1181131847160176
166,transformer_full,0.8065953654188949,0.8996766872052983,0.3694985565774618,0.1198497023853669
167,transformer_full,0.8113540870893812,0.901175351851446,0.36725634174123023,0.11868485647641676
168,transformer_full,0.8102400050929462,0.902365899887646,0.36443932013384756,0.11800919460860727
169,transformer_full,0.8104469060351414,0.9016612178494993,0.36617584416968524,0.1183220114292512
170,transformer_full,0.8101922587216704,0.9014727143169995,0.3670116124658759,0.1185839347713746
171,transformer_full,0.8125636618283677,0.9027031551817353,0.3629573220263334,0.11755585386423924
172,transformer_full,0.8140756302521008,0.9028874000655491,0.36321397523544474,0.11736421563820498
173,transformer_full,0.812277183600713,0.9009819487916977,0.3655395093664622,0.11854469252052674
174,transformer_full,0.80985803412274,0.9021010060058006,0.3645373563441266,0.11814247149085476
175,transformer_full,0.8073115609880316,0.8996739293070518,0.36929824049587234,0.11953443075905337
176,transformer_full,0.8089349376114082,0.9017370197077437,0.36586760152438735,0.1185598250793751
177,transformer_full,0.8110198624904508,0.903500082920589,0.36430745512132184,0.11767753744596621
178,transformer_full,0.8121180290297937,0.9038337440803055,0.36188215903173515,0.1171077936438512
179,transformer_full,0.8100490196078431,0.8997611321804397,0.36948170165588196,0.1192298906689826
180,transformer_full,0.8104787369493252,0.9027799155651627,0.3632675112075231,0.11760826476474968
181,transformer_full,0.8107652151769799,0.9024692966663841,0.3652753505527571,0.11797779680734193
182,transformer_full,0.8109880315762669,0.9017001430513718,0.3663884271060759,0.1183722614213294
183,transformer_full,0.8089349376114082,0.9005787936207041,0.368132274420444,0.11903289455399899
184,transformer_full,0.8089031066972243,0.9015839789775708,0.36684807945175185,0.11861229126949155
185,transformer_full,0.81382098293863,0.9031188650341173,0.3634953530388825,0.1174453930987281
186,transformer_full,0.8087439521263051,0.9011506426282948,0.3669805224509351,0.11885831279554879
187,transformer_full,0.810287751464222,0.9008429634595991,0.3676479351426511,0.11897017075583381
188,transformer_full,0.8090463458110517,0.8995616736480831,0.36848888530020085,0.11947493341686428
189,transformer_full,0.8083301502419149,0.9001225875894139,0.3693219494506479,0.11961645994955075
190,transformer_full,0.8126432391138273,0.9019019872701828,0.3655216998230425,0.1180725350749078
191,transformer_full,0.8106538069773364,0.9028273537978087,0.36361135035630343,0.11751034454928441
192,transformer_full,0.808982683982684,0.9011383141224143,0.3683085143524184,0.11904246694965766
193,transformer_full,0.809635217723453,0.900328566956097,0.3697149310450027,0.11940627884697518
194,transformer_full,0.8090304303539597,0.9014880781525413,0.36653581787922795,0.11855209166111859
195,transformer_full,0.8103991596638656,0.9012498026012759,0.3668728621627591,0.11862231557130003
196,transformer_full,0.810319582378406,0.9014556885138328,0.367420229585846,0.11864194510401162
197,transformer_full,0.8092850776674306,0.899671520667269,0.36970369354766897,0.11948730044063015
198,transformer_full,0.8111471861471862,0.9012835152728671,0.3667467684308009,0.11847327995606241
199,transformer_full,0.8092532467532467,0.9003261229751727,0.368849145182365,0.11920167943896917
200,transformer_full,0.8117201426024956,0.9017733512444774,0.3656891766574483,0.11823600906680261
201,transformer_full,0.8121816908581615,0.900486923799702,0.36666454602060944,0.11864424067109602
202,transformer_full,0.8097307104660045,0.9027544892654118,0.36431016084723966,0.11777348391451639
203,transformer_full,0.8105742296918768,0.9020887887894249,0.36488337437172536,0.11803263095551494
204,transformer_full,0.8119270435446906,0.9025080601007914,0.36436828185255404,0.11781135863347157
205,transformer_full,0.8075502928444105,0.8993073347143259,0.37063963825453705,0.12005133421584133
206,transformer_full,0.8081391647568118,0.9015167380221946,0.36636903607807375,0.11846208988168519
207,transformer_full,0.8134390119684237,0.9040388155565977,0.36159758383605267,0.11685458610052045
208,transformer_full,0.8099853577794754,0.902531272928998,0.3637944099290613,0.11786898602533805
209,transformer_full,0.8077890247007894,0.9009794051574427,0.36790166611018427,0.11922837355799641
210,transformer_full,0.8077094474153298,0.9020400747382615,0.3662880379125582,0.11851504220839706
211,transformer_full,0.8083938120702827,0.9025035086315893,0.3651218212157823,0.11829937995180431
212,transformer_full,0.8089985994397759,0.90122248922925,0.367566281669449,0.11906285597398777
213,transformer_full,0.8071683218742042,0.9003509867038324,0.3690746412529492,0.11965934485247473
214,transformer_full,0.8104309905780493,0.9014346612258359,0.36703460601925414,0.11874873789789321
215,transformer_full,0.806117901706137,0.9003712224160135,0.3694811487497449,0.11974170737712092
216,transformer_full,0.8112745098039216,0.9020820436036562,0.36526988173226904,0.11787307195760859
217,transformer_full,0.8094283167812579,0.9004910461243922,0.36718066956109513,0.11893622740817314
218,transformer_full,0.8085688820982939,0.9018252555886965,0.36626012209871167,0.11868037954084236
219,transformer_full,0.812070282658518,0.9021238106977642,0.36448100753472584,0.11796778019334775
220,transformer_full,0.8099057804940157,0.9012469458534054,0.36661678164580935,0.11858612057129557
221,transformer_full,0.812929717341482,0.9017548956077206,0.36445347160535946,0.11790085657240597
222,transformer_full,0.8111471861471862,0.9004582088315705,0.3683031742015582,0.11907706079011292
223,transformer_full,0.8110357779475427,0.9028411609289495,0.36522751544831195,0.11804486542853064
224,transformer_full,0.8092691622103387,0.9009192132790429,0.3669481551849649,0.11871863633445363
225,transformer_full,0.8079004329004329,0.9022861718479278,0.36478011748113576,0.11812147620363542
226,transformer_full,0.8114814107461167,0.9027784190070547,0.36349533498468034,0.11767884789831912
227,transformer_full,0.8093964858670741,0.9023600709685676,0.3648568358487269,0.11814857549912534
228,transformer_full,0.8100171886936592,0.9027495208567088,0.36332341727552186,0.11762422110597913
229,transformer_full,0.8123408454290807,0.9029190316910156,0.3638968890059156,0.11769220198563005
230,transformer_full,0.8080277565571683,0.9024969268287724,0.36469023306768694,0.11816309048509101
231,transformer_full,0.8113859180035651,0.9021614515736445,0.36484368862613287,0.11778583701332554
232,transformer_full,0.8084574738986504,0.9026137759557306,0.3654685268284681,0.11832003714006771
233,transformer_full,0.8104469060351414,0.9013284714593806,0.36619845478399293,0.11856538777714044
234,transformer_full,0.8110198624904508,0.9016846484920271,0.36529656857510207,0.1182522985352155
235,transformer_full,0.8086166284695696,0.9029164066917844,0.3636514558543846,0.11800404826349524
236,transformer_full,0.8108447924624396,0.9008928029221108,0.36634682892270454,0.11869054438436862
237,transformer_full,0.8093805704099821,0.9025207725662234,0.36469917419286024,0.11809159261606395
238,transformer_full,0.8091100076394194,0.9010457526507246,0.3670176967176525,0.11880663687212255
239,transformer_full,0.8078208556149733,0.9002014222634585,0.3683433348260888,0.11925612751577387
240,transformer_full,0.8105742296918768,0.9006444078055381,0.3677650065574863,0.11895270462661099
241,transformer_full,0.8081869111280876,0.900597566542549,0.36828623961601314,0.11932941952064106
242,transformer_full,0.8097307104660045,0.9013099212700237,0.36614481796597853,0.1185798988346426
243,transformer_full,0.8095238095238095,0.9009244885510415,0.36625231832249194,0.11874017233917313
244,transformer_full,0.8112904252610135,0.9035409237433252,0.36332818991528026,0.1174329537249824
245,transformer_full,0.8092850776674306,0.9040580633583531,0.36262599039206916,0.11730941071156317
246,transformer_full,0.8096670486376368,0.9009306379991839,0.36858237130479804,0.11906792120543597
247,transformer_full,0.8075502928444105,0.8994663975345213,0.3695567508219022,0.11974090507648331
248,transformer_full,0.8103991596638656,0.9025970221729988,0.3636144761895291,0.11763183575672846
249,transformer_full,0.8119270435446906,0.904319150679046,0.3609291760167535,0.11664685332165219
250,transformer_full,0.8091577540106952,0.9006692792366319,0.3676566020798298,0.11901680370424907
251,transformer_full,0.807438884644767,0.8995568032959137,0.3695470033087387,0.11982841099850015
252,transformer_full,0.808982683982684,0.9010662497775137,0.367913609771521,0.11898877377911579
253,transformer_full,0.8098739495798319,0.9016466470311512,0.3661030840373912,0.11842036158957982
254,transformer_full,0.8073274764451235,0.8996628721777767,0.3691738960737821,0.1196501378110076
255,transformer_full,0.8089349376114082,0.9005329415057595,0.36755727335882044,0.11905871830762817
256,transformer_full,0.8100171886936592,0.9027824699679712,0.3656911852486653,0.11830850332077851
257,transformer_full,0.811847466259231,0.9020263137835465,0.364402723484324,0.11798663456661389
258,transformer_full,0.8110039470333588,0.8996945708726218,0.36956663158700165,0.11933795860108656
259,transformer_full,0.8102559205500381,0.9022760167406543,0.36536889368032494,0.1179818457860811
260,transformer_full,0.8085211357270181,0.9009012095069475,0.36809501411321366,0.11919667148303442
261,transformer_full,0.8112745098039216,0.90314668026521,0.3631745515881734,0.11741166583872849
262,transformer_full,0.8093487394957983,0.9009022013849943,0.3674750892513302,0.11892457013787318
263,transformer_full,0.8086325439266616,0.900677451739659,0.368828451516374,0.11929652721512758
264,transformer_full,0.8108447924624396,0.902504588095147,0.3635501196930305,0.1176859970794479
265,transformer_full,0.8093964858670741,0.9000289789524735,0.36914993992252837,0.11956777293618923
266,transformer_full,0.8103991596638656,0.9014682485281769,0.3677734805301771,0.11866673968933616
267,transformer_full,0.8085052202699261,0.8997981136176665,0.368337173408548,0.11953354767758623
268,transformer_full,0.8096511331805449,0.8996575474403313,0.3701971080471677,0.11968043970341954
269,transformer_full,0.8117997198879552,0.9017091278560307,0.36558753319662657,0.11831682152374737
270,transformer_full,0.8068022663610899,0.9000692839422963,0.3703958834532441,0.11978470396026834
271,transformer_full,0.809412401324166,0.901829228049696,0.365746047226418,0.11849622666022569
272,transformer_full,0.8102559205500381,0.901963347525248,0.3656140248445081,0.1182988787138303
273,transformer_full,0.8095874713521772,0.9006125718692248,0.36739123554305675,0.11903957527272552
274,transformer_full,0.8092373312961548,0.9006580352897252,0.36817534657543893,0.11903857113484766
275,transformer_full,0.8099694423223835,0.9023893113934611,0.3651388926914422,0.11806956687546691
276,transformer_full,0.8111631016042781,0.901644426252127,0.3664059719750074,0.11851937651142436
277,transformer_full,0.8091736694677871,0.9016969644287225,0.36822685873003885,0.11895864248400377
278,transformer_full,0.8099057804940157,0.9023724235792985,0.36598514405922344,0.11824275523973012
279,transformer_full,0.80721606824548,0.8988705566968955,0.37067362112217545,0.11990446101562935
280,transformer_full,0.8125795772854596,0.9022484437050597,0.3642086771430129,0.11780170795268514
281,transformer_full,0.8102400050929462,0.8999974376074625,0.3683051813164469,0.11923830786413507
282,transformer_full,0.8117201426024956,0.9024769279628235,0.36472998103243687,0.11800822420421266
283,transformer_full,0.807884517443341,0.9014832291757715,0.36678647257432756,0.11873746000041595
284,transformer_full,0.8110994397759104,0.9013590682625249,0.3664285884214945,0.11853639856242928
285,transformer_full,0.8107652151769799,0.9027015964381191,0.3640679791489224,0.11779623527820643
286,transformer_full,0.8091259230965113,0.9022957579782409,0.36470420262717024,0.11819472275372654
287,transformer_full,0.8117519735166794,0.9011108242036514,0.36710788906258235,0.11867831014250847
288,transformer_full,0.8100490196078431,0.9030987413865348,0.3627735329136308,0.11754646116402444
289,transformer_full,0.8130411255411255,0.9021100423347704,0.3667131632743343,0.11838262174675822
290,transformer_full,0.8118156353450471,0.9023121014353561,0.3661112648178272,0.11785329504226578
291,transformer_full,0.8099216959511077,0.9009108093796105,0.3671153859287195,0.11876762739473946
292,transformer_full,0.8095556404379933,0.9005626071865103,0.3683947086791678,0.11918859522125798
293,transformer_full,0.8135345047109753,0.9032908488727456,0.362866425611646,0.11739962460599512
294,transformer_full,0.8091736694677871,0.902211331203715,0.36688117410352383,0.11857875385087448
295,transformer_full,0.8084097275273746,0.9013027784975014,0.36775463902851757,0.11898377741783062
296,transformer_full,0.8099694423223835,0.9004033740361392,0.36951707882772505,0.1192329571723495
297,transformer_full,0.8107333842627961,0.9027553364084213,0.3642357597340852,0.11781913606570767
298,transformer_full,0.8109402852049911,0.9024756146167513,0.36436827669947885,0.1179729017401704
299,transformer_full,0.8093169085816144,0.9017722487029525,0.366504938567897,0.1186876878595414
300,transformer_full,0.8102400050929462,0.9035615166593403,0.36297261529669816,0.11755427460786345
301,transformer_full,0.8096829640947288,0.9028575590367336,0.363352783459453,0.11772586081736941
302,transformer_full,0.8118952126305068,0.9014422864045377,0.36619114221693205,0.11813986104304675
303,transformer_full,0.809635217723453,0.9014943288443296,0.36631588267500925,0.11856265839219521
304,transformer_full,0.8105901451489687,0.900480522045682,0.367880263792943,0.1189726833259562
305,transformer_full,0.8065317035905272,0.8995528172250171,0.37101405803988996,0.11994341215117056
306,transformer_full,0.8081391647568118,0.900939088023113,0.36777174521006917,0.11908426755892389
307,transformer_full,0.8112108479755539,0.9020062769340655,0.36431820699602396,0.11794101425262306
308,transformer_full,0.8089508530685001,0.9015163006040942,0.3669315921386971,0.11876163041532689
309,transformer_full,0.808091418385536,0.9012398262674817,0.36868664161865994,0.1193048717629741
310,transformer_full,0.8108766233766234,0.9020837835762407,0.365666936416812,0.11830472244374489
311,transformer_full,0.8104787369493252,0.902273244550156,0.36540978292094817,0.11823726110210397
312,transformer_full,0.8111471861471862,0.9020409318643383,0.3664500388118308,0.11833168616559665
313,transformer_full,0.8104469060351414,0.9015808811269999,0.3663934107226659,0.11837975965349751
314,transformer_full,0.8114973262032086,0.9025410034019445,0.3648350573208026,0.11808735384609595
315,transformer_full,0.811624649859944,0.9024415937266805,0.364446136006163,0.11790073896718814
316,transformer_full,0.8092214158390629,0.900026444698875,0.3694373088216212,0.11953779186170109
317,transformer_full,0.8115609880315763,0.9027572281020366,0.36376014451079436,0.11765235629024207
318,transformer_full,0.8101763432645785,0.9011119776625822,0.3662064935452216,0.11857457953468956
319,transformer_full,0.8074866310160428,0.9019416509643636,0.36593317483502114,0.11839434388456882
320,transformer_full,0.8139164756811815,0.9024011272432485,0.36526465447652345,0.11790736222552567
321,transformer_full,0.8086802902979373,0.9010133847149914,0.36819941268584067,0.1189605879471033
322,transformer_full,0.8096511331805449,0.9003985068690523,0.36944995488676385,0.1194818349425621
323,transformer_full,0.8096670486376368,0.900101714756808,0.3677893713061536,0.11898400909032711
324,transformer_full,0.8105423987776929,0.901122521655745,0.36639153306652134,0.11861784261644548
325,transformer_full,0.8105423987776929,0.9009190310071888,0.3671310364914622,0.1188253023660274
326,transformer_full,0.8095715558950853,0.9018333457479275,0.36718814075050943,0.11885912569128879
327,transformer_full,0.8084256429844665,0.9013308543720293,0.36701221341632273,0.11871801407324811
328,transformer_full,0.8119588744588745,0.902005353793299,0.36492501010856887,0.11800468061371198
329,transformer_full,0.80853705118411,0.9006871290824348,0.36878152422948807,0.1193139633690224
330,transformer_full,0.8122135217723453,0.9038578656122371,0.36290122994796503,0.11733832048974274
331,transformer_full,0.8115132416603005,0.9017583165331451,0.3662808556161842,0.11820703965964954
332,transformer_full,0.8116564807741279,0.9036937037550746,0.3618398740136471,0.11717974981391685
333,transformer_full,0.8112585943468297,0.900818636171893,0.3669370959934528,0.11872479046199778
334,transformer_full,0.8122135217723453,0.903753269522019,0.3620523728608674,0.11709305975103691
335,transformer_full,0.8113381716322893,0.9037027420600656,0.3622884897348781,0.11728327042864153
336,transformer_full,0.8110198624904508,0.9026572536034172,0.3638989804580873,0.11790397540763774
337,transformer_full,0.8119588744588745,0.903694236389297,0.3621801743502795,0.11720847127303083
338,transformer_full,0.8120066208301503,0.9005068585649643,0.36847148279770675,0.11919288380758582
339,transformer_full,0.8093487394957983,0.9028641335458254,0.3652005137952367,0.11819493665321837
340,transformer_full,0.8103354978354979,0.9026035396468413,0.36293106245627943,0.1178244539308802
341,transformer_full,0.8099376114081996,0.9014247991431702,0.36547154769057316,0.1183640647810203
342,transformer_full,0.8134867583396995,0.9021856803267454,0.3639538453315933,0.1175531020198377
343,transformer_full,0.8147759103641457,0.903284257491743,0.36207530643004304,0.11693537654536929
344,transformer_full,0.8106219760631526,0.9024784414851117,0.36475375096055984,0.11784184533950404
345,transformer_full,0.8074707155589509,0.8999641050609019,0.36953924139134214,0.11974057983707945
346,transformer_full,0.8111153552330023,0.9028774741274905,0.36457233854607085,0.11798957132059025
347,transformer_full,0.808091418385536,0.9018508759401184,0.36631011913202893,0.11846487589649496
348,transformer_full,0.810526483320601,0.9019372035548767,0.36506647057128705,0.11820090018725496
349,transformer_full,0.8099694423223835,0.9014281771810116,0.366519360070914,0.11854132379825448
350,transformer_full,0.8125954927425516,0.9030622519972447,0.36289271535947437,0.11739083674941425
351,transformer_full,0.8097307104660045,0.8999530392142618,0.3688299368236246,0.1192710830002165
352,transformer_full,0.810526483320601,0.9034137608548068,0.362241406486679,0.11729655319870179
353,transformer_full,0.8124522536287242,0.9019446009658303,0.365534433787771,0.11815719198923595
354,transformer_full,0.8073911382734912,0.8994154175586895,0.37116954246264233,0.11998093677477249
355,transformer_full,0.8086007130124777,0.9014510858494736,0.36593980457625314,0.1184830244676523
356,transformer_full,0.8121021135727018,0.9027544132413248,0.36504650741013617,0.11798027172545081
357,transformer_full,0.8075502928444105,0.9003679319807703,0.36895053828406266,0.11939057257504863
358,transformer_full,0.8112745098039216,0.9020377171477684,0.3648710962328347,0.11808353209639952
359,transformer_full,0.8114495798319328,0.9016092545021236,0.36548788158636814,0.11818092824826817
360,transformer_full,0.8115609880315763,0.9037974106192956,0.3614580870461131,0.11706368010080925
361,transformer_full,0.8103514132925898,0.9011114398283308,0.3669677369725156,0.11866894215639334
362,transformer_full,0.80985803412274,0.9011246373440661,0.36626986434161396,0.11862839060469824
363,transformer_full,0.8121976063152534,0.9024162112792453,0.3643776718431474,0.11784391106697183
364,transformer_full,0.8115769034886682,0.90142618458046,0.36630723860782355,0.1183165947897426
365,transformer_full,0.8119588744588745,0.9024795594472369,0.36374666680803197,0.11766268074923775
366,transformer_full,0.8095556404379933,0.9025819934610508,0.36522597668252005,0.11825219893417833
367,transformer_full,0.810972116119175,0.901836240599904,0.3665568069395969,0.11844880609803059
368,transformer_full,0.8086325439266616,0.9009681414192294,0.36604005052363736,0.11872927448072282
369,transformer_full,0.8084574738986504,0.9010174390334837,0.36763599326756474,0.11898151509656692
370,transformer_full,0.8100331041507512,0.9014503781700193,0.3663472195283332,0.1184557429500797
371,transformer_full,0.8097307104660045,0.9010675117078081,0.36751949490217084,0.11889445633944386
372,transformer_full,0.8119429590017825,0.9027891521938184,0.3636310600745693,0.11766993821615628
373,transformer_full,0.8086643748408454,0.9011838551175837,0.3673063463013302,0.11870159723081906
374,transformer_full,0.8104787369493252,0.9021690294195928,0.3656715923448298,0.11843406958404015
375,transformer_full,0.8093805704099821,0.900322180989628,0.36874617714120805,0.11919188603324829
376,transformer_full,0.8117838044308633,0.9002366745308075,0.36862513081473647,0.11890560806291109
377,transformer_full,0.8112426788897377,0.9023895986228789,0.36569106369464605,0.11811396523290892
378,transformer_full,0.8102559205500381,0.900838623578202,0.36751381667762906,0.11893057424218734
379,transformer_full,0.8136140819964349,0.9048990326055164,0.36057298302601004,0.11645294135805487
380,transformer_full,0.8099535268652915,0.9011650719778704,0.3676596283095943,0.11878609905278166
381,transformer_full,0.811847466259231,0.9025248338225775,0.36455121472064844,0.1179660000671303
382,transformer_full,0.8108925388337153,0.9020625105926603,0.3656695633203819,0.1180869306382032
383,transformer_full,0.8095397249809014,0.9011088791377486,0.36740242269679646,0.11887127430490116
384,transformer_full,0.8080755029284441,0.9011026211989462,0.3667845013312773,0.11881741480852982
385,transformer_full,0.8090145148968678,0.8992682882364871,0.37092908587568085,0.1200582974043474
386,transformer_full,0.8111153552330023,0.9008178692361674,0.36677182661990204,0.11866094997812525
387,transformer_full,0.809189584924879,0.9019326088539361,0.3656019476913345,0.11843754371525131
388,transformer_full,0.8102081741787625,0.8995738894843831,0.36999250051149196,0.11953563003160032
389,transformer_full,0.8119747899159664,0.9017355873012673,0.3647729946406486,0.11804909840057476
390,transformer_full,0.8112585943468297,0.9023804875110615,0.3652758233244652,0.11795711086553164
391,transformer_full,0.8107652151769799,0.9008320893271908,0.36706226889785404,0.1187088495066453
392,transformer_full,0.8082505729564553,0.8992497709825377,0.3705026963049487,0.11980005606980818
393,transformer_full,0.8112585943468297,0.9029091010723991,0.36345108412953225,0.11756646891047025
394,transformer_full,0.8110198624904508,0.9042580224357285,0.36190842981357474,0.11707136096529294
395,transformer_full,0.8105583142347849,0.9013532523442931,0.36667756346730396,0.11847700081478216
396,transformer_full,0.8128660555131143,0.9029827864448396,0.36408012542654666,0.11763380168927673
397,transformer_full,0.810303666921314,0.904289749562718,0.3620593082320136,0.11698361751396771
398,transformer_full,0.8111312706900943,0.9024658837856248,0.3650496691493066,0.11783854166325868
399,transformer_full,0.8088076139546728,0.9023847122145587,0.36575639676081523,0.11818514445117964
400,transformer_full,0.8112904252610135,0.902331619394146,0.3646171669832688,0.11794218432793413
401,transformer_full,0.8088076139546728,0.9023124506274578,0.3651230932215856,0.11831722810561747
402,transformer_full,0.8094601476954418,0.9013881394221155,0.3679095243666254,0.11899158023897391
403,transformer_full,0.8099853577794754,0.902792919942123,0.3656356265587842,0.11811345217745951
404,transformer_full,0.8073911382734912,0.9011650328968719,0.36796215672285715,0.11909532747567282
405,transformer_full,0.8120861981156099,0.9037340436833461,0.36218952475066624,0.11724593698065551
406,transformer_full,0.8114336643748409,0.9018043291905036,0.3665684439111567,0.11837587673289045
407,transformer_full,0.8121816908581615,0.9029409754026244,0.3642042393506723,0.11769417500922244
408,transformer_full,0.8098739495798319,0.9019515197660499,0.36630463166140315,0.11869634983273115
409,transformer_full,0.8114495798319328,0.9025890272912511,0.36397726521510376,0.1177594584857276
410,transformer_full,0.8095874713521772,0.9013563702987695,0.36476631249755115,0.11787767551936051
411,transformer_full,0.8112267634326458,0.9030934171623202,0.3627941441875597,0.11750595970458375
412,transformer_full,0.8094919786096256,0.9010970114271469,0.3669828453271468,0.11881243161855028
413,transformer_full,0.8095874713521772,0.9025692913747989,0.3656032162773377,0.11828928114351862
414,transformer_full,0.8081709956709957,0.899949722995893,0.36879134537587627,0.11944123237758288
415,transformer_full,0.8077094474153298,0.8993273205633556,0.37029477830705354,0.11991033659750426
416,transformer_full,0.8102718360071302,0.9021383249929029,0.36627546168605507,0.11821171902433002
417,transformer_full,0.8103514132925898,0.9018879054255191,0.3656236097950435,0.11817276597660703
418,transformer_full,0.8128501400560224,0.9034499338442114,0.3623376601771072,0.11722799445784814
419,transformer_full,0.8138368983957219,0.9036315530937684,0.36186864870668406,0.11711841969496863
420,transformer_full,0.8110516934046346,0.9022953650800807,0.3643952408219233,0.117946819807922
421,transformer_full,0.810287751464222,0.9027388747737597,0.36397970279584785,0.11793829072512456
422,transformer_full,0.8100808505220269,0.9027829572986695,0.3644515822234172,0.11794045117047762
423,transformer_full,0.8123726763432646,0.9040993273765273,0.3612609003880221,0.1168755439835198
424,transformer_full,0.8118792971734148,0.9003798550541051,0.3677243517034759,0.11908720495359283
425,transformer_full,0.8108129615482557,0.9012247528234609,0.3672970521694162,0.11847830014606832
426,transformer_full,0.8122135217723453,0.9022060307779938,0.36617699595588776,0.11830079009207956
427,transformer_full,0.8069455054749173,0.9005088282813039,0.36801693264414803,0.11910410339545485
428,transformer_full,0.8090940921823275,0.9003620618360078,0.36703901083441276,0.11899587893062093
429,transformer_full,0.8092691622103387,0.9010052679937082,0.36762018078696934,0.11894452231584458
430,transformer_full,0.8115609880315763,0.9031019422678468,0.36421080028503894,0.11785030088943967
431,transformer_full,0.8108607079195315,0.9026423973171587,0.3658302401772547,0.11818419868830553
432,transformer_full,0.8088871912401324,0.8995037978675303,0.37064403185424893,0.11982003113131658
433,transformer_full,0.8088235294117647,0.9011895620362513,0.3665820197782415,0.11879460262247622
434,transformer_full,0.8067386045327222,0.9000083585737008,0.3698231267775511,0.11974259171795514
435,transformer_full,0.8114973262032086,0.9008017058463458,0.3658946220911726,0.11837793426930564
436,transformer_full,0.8099694423223835,0.9021897983856315,0.36559093145651295,0.11831436479091684
437,transformer_full,0.8096033868092691,0.8991242440353311,0.37003693056589815,0.11992140180873061
438,transformer_full,0.8106697224344284,0.9027162026850629,0.36461513336376555,0.11793195390582904
439,transformer_full,0.8109880315762669,0.901397224325317,0.36644174820971,0.11866528891137575
440,transformer_full,0.8117042271454036,0.901268897792393,0.36654213972333727,0.11844028737366526
441,transformer_full,0.808314234784823,0.9012692342775335,0.36562128283815903,0.11868203107537639
442,transformer_full,0.8105105678635091,0.902492510818202,0.3647419445372647,0.1181236869671404
443,transformer_full,0.8111631016042781,0.9016141452977999,0.36577223103301293,0.11848247223804412
444,transformer_full,0.8106697224344284,0.9022122326957914,0.36491085187779426,0.11825129802335414
445,transformer_full,0.8110198624904508,0.9014847842675278,0.36680670171370267,0.1185216412025709
446,transformer_full,0.8125954927425516,0.9026661473399213,0.36471256176899713,0.1178704942588184
447,transformer_full,0.8105105678635091,0.9030195511067525,0.3642485930219828,0.11761751118665612
448,transformer_full,0.8099216959511077,0.9032824214599833,0.3627608840464718,0.11741150683335709
449,transformer_full,0.8088712757830405,0.8995516573369278,0.3697799385466975,0.11961183202848484
450,transformer_full,0.8109402852049911,0.9016048976208163,0.36575182703371867,0.11832688404626505
451,transformer_full,0.8106856378915203,0.9017863652604661,0.36779812542573526,0.1186279259580128
452,transformer_full,0.8114177489177489,0.9044395792058186,0.36158619681198334,0.11704077693717549
453,transformer_full,0.8108129615482557,0.9029928084213029,0.36446100755499866,0.11792087416446528
454,transformer_full,0.8129615482556659,0.9027478513851195,0.3634654781964787,0.11756196035834676
455,transformer_full,0.8092214158390629,0.9019888904246589,0.3666250136528408,0.11870059880128367
456,transformer_full,0.8128978864272982,0.9020722106153896,0.3663829586993262,0.11816761114992937
457,transformer_full,0.8117519735166794,0.9034861399364852,0.36281215087174473,0.11726739144604298
458,transformer_full,0.814043799337917,0.9046025398758153,0.3605624624395004,0.11648992051708361
459,transformer_full,0.8100171886936592,0.9006702123659104,0.3678371312585055,0.11902513149364441
460,transformer_full,0.8093328240387064,0.9002261094469245,0.36723789000055834,0.1189230128677313
461,transformer_full,0.8126432391138273,0.9030751952163045,0.3625307438657592,0.11735836865929289
462,transformer_full,0.809189584924879,0.9009024302639519,0.3696428985694199,0.11932881374521444
463,transformer_full,0.810287751464222,0.9026795327076438,0.365063041382411,0.11792197146663776
464,transformer_full,0.8117519735166794,0.9022556855889362,0.36607445777627595,0.11830252650732292
465,transformer_full,0.809412401324166,0.9029463504553925,0.3637766629941841,0.11781195389721998
466,transformer_full,0.8073433919022154,0.899740360226333,0.37025582680822217,0.11974753807159151
467,transformer_full,0.8091100076394194,0.9017468165389827,0.3670634002605492,0.11886131467279655
468,transformer_full,0.8134867583396995,0.9025603489416836,0.3644701140795305,0.11776970132791453
469,transformer_full,0.8090781767252355,0.9009748007303229,0.367860874442024,0.1189848811840488
470,transformer_full,0.8101604278074866,0.90172524377643,0.36801837217364497,0.11870967056387503
471,transformer_full,0.8084733893557423,0.9003440892529311,0.36859620977499646,0.11915447590116078
472,transformer_full,0.8102400050929462,0.9019637128472562,0.36636578438095696,0.11841406524467163
473,transformer_full,0.8101126814362108,0.9013265053503917,0.3665128672045742,0.1186707225539449
474,transformer_full,0.8096033868092691,0.902053532243994,0.3654617744063421,0.11820589016514023
475,transformer_full,0.8114654952890247,0.9027886892028248,0.3646343814601661,0.11774540508521907
476,transformer_full,0.8077094474153298,0.9011934596725182,0.3675543539757617,0.11909678289219222
477,transformer_full,0.8115291571173924,0.900453717447423,0.367780439373507,0.11875753244357956
478,transformer_full,0.8088235294117647,0.9013442073767299,0.3659496672732322,0.11859134097161932
479,transformer_full,0.8102718360071302,0.9028979595290869,0.3633123330964704,0.1175375487492946
480,transformer_full,0.8095397249809014,0.9015277294424762,0.3663636117838227,0.11855776850366455
481,transformer_full,0.8081709956709957,0.9010397121024868,0.36717412788980314,0.11891641675951743
482,transformer_full,0.807438884644767,0.9002120056821389,0.36919927273829595,0.11949481770020166
483,transformer_full,0.810319582378406,0.9009329612303741,0.3667503780541469,0.11855687470826992
484,transformer_full,0.8096193022663611,0.9005631200930486,0.366879396418318,0.11890695157717678
485,transformer_full,0.8093009931245225,0.9005271505905024,0.36778051598752126,0.1189985875656261
486,transformer_full,0.8124363381716323,0.9017075884360376,0.36546948688521674,0.11807363284273009
487,transformer_full,0.8073911382734912,0.8996033598117581,0.3701791930368173,0.11987350982996346
488,transformer_full,0.8092055003819709,0.9011919136722293,0.3662315732921311,0.11868369769325768
489,transformer_full,0.808314234784823,0.8991184572165327,0.37155043424430206,0.12007544513435901
490,transformer_full,0.811401833460657,0.9025466899754476,0.3636667553871348,0.11764614309927376
491,transformer_full,0.8076935319582378,0.9009145194333668,0.36764729645606053,0.11903331248689725
492,transformer_full,0.8117519735166794,0.9017596917253317,0.3629055643104948,0.11763721119748863
493,transformer_full,0.8107015533486122,0.9018886612933663,0.365162001878541,0.11821960844791181
494,transformer_full,0.8094601476954418,0.9023731530412888,0.36621629108203707,0.11839671487530516
495,transformer_full,0.8115291571173924,0.9027063741441196,0.36390249818169007,0.11749203598185384
496,transformer_full,0.8107174688057041,0.9016104489443991,0.36645394141987325,0.11863774208458347
497,transformer_full,0.8091259230965113,0.9023047071461279,0.3651768095302615,0.1184304549295454
498,transformer_full,0.8110676088617265,0.9020965695651918,0.3660977303132812,0.11810302020836332
499,transformer_full,0.8115291571173924,0.9026907705078953,0.3644463560042779,0.11776065619008196
500,transformer_full,0.8082824038706392,0.9014082092499093,0.36756526560848174,0.11896129576965125
501,transformer_full,0.8100171886936592,0.9020796551667186,0.3641648551330363,0.11794249382370925
502,transformer_full,0.8113222561751974,0.9019653188711472,0.3655544989858991,0.1181299460299869
503,transformer_full,0.8110198624904508,0.9029469431828179,0.36334062545821,0.11760111093639149
504,transformer_full,0.8097466259230965,0.9008089684794032,0.36839599277144286,0.1190008181753984
505,transformer_full,0.8083938120702827,0.9009136597491685,0.36652447033671687,0.11890980527296252
506,transformer_full,0.8077253628724217,0.8999251743530685,0.3694560169435162,0.11956060394907551
507,transformer_full,0.8085688820982939,0.8999408797412716,0.3703221420604416,0.11974584134858188
508,transformer_full,0.8098102877514642,0.9008792827133943,0.3675809265384728,0.11903795396109988
509,transformer_full,0.8121180290297937,0.9027421284583781,0.36474868562284474,0.11770433656936334
510,transformer_full,0.8097625413801884,0.9016107466261092,0.36663073243583444,0.11868657967801062
511,transformer_full,0.8112745098039216,0.902786030907512,0.36395373851921636,0.11763202139776985
512,transformer_full,0.8125636618283677,0.9031905065856669,0.36298386209471784,0.11735330256320485
513,transformer_full,0.8128183091418385,0.9016033949184502,0.36529070618614573,0.1181409417804285
514,transformer_full,0.8114814107461167,0.9021367441399851,0.36476556782239916,0.11812310038988275
515,transformer_full,0.8083460656990069,0.9005554113240886,0.3683855094934944,0.1192135924699529
516,transformer_full,0.8122453526865292,0.9027356270411082,0.3637548980399692,0.1176501263811419
517,transformer_full,0.8106856378915203,0.9011680745042201,0.36701071929198265,0.11874728317484347
518,transformer_full,0.8114336643748409,0.902068944157919,0.36412799706382143,0.11775193534171413
519,transformer_full,0.8084256429844665,0.9008283687450107,0.3688396514858043,0.11933515822032108
520,transformer_full,0.8084415584415584,0.9005067221043328,0.3676162377235502,0.11895460954621917
521,transformer_full,0.8117519735166794,0.902789329145883,0.36404622411116144,0.11774857463306213
522,transformer_full,0.8086166284695696,0.9015773545429212,0.36669915872742215,0.11860992048694684
523,transformer_full,0.8115132416603005,0.9027517157676146,0.3630173838752691,0.11758662053963485
524,transformer_full,0.8082028265851795,0.9008304517702798,0.36837965159490266,0.11922843860514011
525,transformer_full,0.8110835243188185,0.901920525449685,0.3656422275531542,0.11833134927790727
526,transformer_full,0.8110994397759104,0.9006935220134138,0.3674115962856991,0.1188292853333343
527,transformer_full,0.8108766233766234,0.9012750407658936,0.3663411925435568,0.11843647854310799
528,transformer_full,0.8079481792717087,0.8999190600374445,0.3699205521385976,0.11969124162015997
529,transformer_full,0.8091100076394194,0.9023164504135353,0.3662160112101615,0.11829465364696527
530,transformer_full,0.8096829640947288,0.902555260295191,0.3656293465567635,0.11819586915143937
531,transformer_full,0.8099057804940157,0.9027663187204846,0.3640988622255493,0.11789754341641968
532,transformer_full,0.8104946524064172,0.902679690837396,0.36390788357740805,0.11786511487733674
533,transformer_full,0.8084893048128342,0.9008369274419513,0.36732747813192906,0.11903873431153023
534,transformer_full,0.807884517443341,0.9015256767616505,0.3668724395241221,0.1186854358872469
535,transformer_full,0.8102081741787625,0.9008691364710604,0.3685797833131755,0.1189390526244069
536,transformer_full,0.8103991596638656,0.901922988298462,0.364550833523109,0.11805490685225972
537,transformer_full,0.8118792971734148,0.9019648164011205,0.3648017313457534,0.11809539659432497
538,transformer_full,0.8116723962312198,0.9016070257856699,0.3660651793463343,0.11839027988550792
539,transformer_full,0.8113222561751974,0.9028612705024673,0.3643664434427062,0.1177652170039354
540,transformer_full,0.8104150751209575,0.9018425402604401,0.3650939399914121,0.11799005636002344
541,transformer_full,0.8083778966131907,0.9019186026711254,0.3648787494015121,0.11824890470285349
542,transformer_full,0.8091100076394194,0.9009500215948791,0.3686194040912218,0.11925965964186966
543,transformer_full,0.8077571937866056,0.9015928289991795,0.3670912903338178,0.11870720720412878
544,transformer_full,0.8112585943468297,0.903130441544232,0.36448484572591966,0.1178118486544505
545,transformer_full,0.8107015533486122,0.9008183439701858,0.36828066370402707,0.11907063369773162
546,transformer_full,0.8085052202699261,0.901316303092552,0.36710492645542175,0.11885913560104704
547,transformer_full,0.809842118665648,0.9028392856066887,0.3636200342936469,0.11767985445802168
548,transformer_full,0.8109084542908073,0.9031041999227951,0.3633759644947267,0.11757977248490376
549,transformer_full,0.810749299719888,0.9015175520300736,0.3665372711657876,0.11841777706707401
550,transformer_full,0.8093169085816144,0.9015572658710124,0.36759805341035023,0.11889943750617783
551,transformer_full,0.8072956455309397,0.9010556577234357,0.36816355543459706,0.11902647380646579
552,transformer_full,0.809412401324166,0.8998801176574138,0.36951217382416074,0.11941876100494411
553,transformer_full,0.810096765979119,0.9016719864076471,0.36605609662749067,0.11840484188677101
554,transformer_full,0.8114336643748409,0.902957079195674,0.3630049743076897,0.11751495382616159
555,transformer_full,0.8104628214922333,0.9036804327537484,0.3629091133893358,0.11757631875434556
556,transformer_full,0.8101604278074866,0.9025610119741441,0.3646350157424807,0.11792202075838268
557,transformer_full,0.8104309905780493,0.901124434214557,0.3659458852179838,0.11846215877673927
558,transformer_full,0.8113381716322893,0.9002854058894492,0.36778829546975766,0.11895132139321181
559,transformer_full,0.8104469060351414,0.9035098894694583,0.3622486019049601,0.11737580119917725
560,transformer_full,0.8111312706900943,0.9018959733033641,0.36553021288236287,0.11811416642514537
561,transformer_full,0.8134390119684237,0.9020395443948348,0.36489179148067485,0.11799675011794568
562,transformer_full,0.8108766233766234,0.9024936783697974,0.36556368014123447,0.11814894494770066
563,transformer_full,0.8098898650369238,0.9013500358838907,0.3674970948595534,0.1189083439196452
564,transformer_full,0.8102081741787625,0.9012828615774469,0.36758972630488157,0.11875058915076173
565,transformer_full,0.8079959256429845,0.9014070571880846,0.36664351640727294,0.1187926785240299
566,transformer_full,0.8084574738986504,0.8998995428236269,0.3692083572471993,0.11942587816015474
567,transformer_full,0.8086484593837535,0.900760366408349,0.36712355820782805,0.11895957105270748
568,transformer_full,0.81117901706137,0.9019803334065049,0.3648115255311001,0.1180926102973745
569,transformer_full,0.8072478991596639,0.9006058218675792,0.3690440976626106,0.11937739593626821
570,transformer_full,0.810287751464222,0.9018683495444053,0.36536655993632644,0.11826898920856752
571,transformer_full,0.8105901451489687,0.9009447341468579,0.3678854676136499,0.118860558522091
572,transformer_full,0.8102718360071302,0.9018781197042471,0.36537028917288794,0.11826595997188512
573,transformer_full,0.8095238095238095,0.9024476517636997,0.36429587384223533,0.11808263579636212
574,transformer_full,0.8128819709702063,0.901750065695484,0.36460098703591654,0.11786720596354269
575,transformer_full,0.8118156353450471,0.9039170902289122,0.36123377633690923,0.11692730199858999
576,transformer_full,0.8082983193277311,0.902655277386256,0.3649490571673675,0.11806034739851845
577,transformer_full,0.8128978864272982,0.903137648133086,0.3632334651848839,0.11745134251815739
578,transformer_full,0.8066908581614464,0.9013556729491139,0.36790251852361083,0.11895479320003925
579,transformer_full,0.8094601476954418,0.9018831134182969,0.3665107470534022,0.11838557128904173
580,transformer_full,0.8091259230965113,0.9019884299308232,0.3661370471514661,0.11850145824605816
581,transformer_full,0.8093169085816144,0.9000209252427833,0.36891990214140874,0.11946440204137464
582,transformer_full,0.8108607079195315,0.9010004838600245,0.3658158304832781,0.11838311757091943
583,transformer_full,0.8098262032085561,0.9008250311254584,0.36694960431122575,0.11902055201723373
584,transformer_full,0.8102240896358543,0.9022565587923734,0.36491735378099566,0.11812337273686233
585,transformer_full,0.813805067481538,0.903590370489807,0.361967446722228,0.1171548700024756
586,transformer_full,0.8110039470333588,0.9016929421964041,0.3653609925345168,0.11838659494999032
587,transformer_full,0.8055926916221033,0.8998768257674958,0.36973092709680433,0.11980877250880884
588,transformer_full,0.8123090145148969,0.9018738784408593,0.3650800436017896,0.11801160966717182
589,transformer_full,0.8082028265851795,0.9008943169214167,0.3669640751049258,0.1189112807622492
590,transformer_full,0.8145530939648586,0.9040444552167453,0.3622312238192828,0.11687250914990402
591,transformer_full,0.8101126814362108,0.9014552684710344,0.36582011923222746,0.11850756340523602
592,transformer_full,0.8086007130124777,0.9007302832770381,0.3682081013266952,0.11904438563886142
593,transformer_full,0.8116405653170359,0.9019920153329908,0.3661000859185919,0.11828563587513218
594,transformer_full,0.8091259230965113,0.9021186869916167,0.36544884124789795,0.11837920233594046
595,transformer_full,0.8084256429844665,0.9008485563950472,0.368139754221761,0.11894206966343085
596,transformer_full,0.8081550802139037,0.9016487490465923,0.36610752189761847,0.11855670871788705
597,transformer_full,0.8105423987776929,0.902137907570419,0.36598204969431625,0.11825634671350485
598,transformer_full,0.8108288770053476,0.902159917352928,0.3643931788923897,0.11812953338303546
599,transformer_full,0.8128978864272982,0.903256871538578,0.36233355046476945,0.11721171032182152
600,transformer_full,0.810303666921314,0.9039668422892003,0.36181242206699643,0.1171328424536186
601,transformer_full,0.8109880315762669,0.90317507870234,0.3639697398238184,0.11774288673797766
602,transformer_full,0.8121180290297937,0.9011331569225878,0.3668766725985629,0.118725966426338
603,transformer_full,0.8101922587216704,0.9018104448507205,0.3662326641316517,0.11858367853397048
604,transformer_full,0.8101922587216704,0.9005043170271504,0.3681037670191055,0.11905033741806986
605,transformer_full,0.8092691622103387,0.9005110977705406,0.3683637859141357,0.1191147483166782
606,transformer_full,0.8097943722943723,0.9021992124438838,0.36473238116005663,0.11805313956253112
607,transformer_full,0.809842118665648,0.9021165300048444,0.36523559355236096,0.11814443588699214
608,transformer_full,0.809842118665648,0.9029403676378389,0.36481634584975114,0.11785857595371266
609,transformer_full,0.8124840845429081,0.9021341731771244,0.36577656309978634,0.11802071131416642
610,transformer_full,0.8098102877514642,0.9014468829935898,0.3680601376537786,0.11897556364146612
611,transformer_full,0.8126909854851031,0.9011821197801166,0.3660435555193428,0.11835497420103404
612,transformer_full,0.8105901451489687,0.901827840652446,0.36628717703567554,0.11829614782592579
613,transformer_full,0.8109084542908073,0.9014315367896211,0.3665280689301632,0.1186086556615411
614,transformer_full,0.8080118411000764,0.9023361184498855,0.365406780316572,0.11837275048117193
615,transformer_full,0.8107970460911638,0.9018166425986092,0.36661495775085035,0.11859092585011162
616,transformer_full,0.8113540870893812,0.9025892014644816,0.36408388661711294,0.1178643704528188
617,transformer_full,0.8081550802139037,0.9011676298109088,0.36699062710302,0.11898372147661862
618,transformer_full,0.8112745098039216,0.9037949508860788,0.3613060781828725,0.11682442686251887
619,transformer_full,0.8121816908581615,0.9024771938448519,0.36378552983763685,0.11770054219916655
620,transformer_full,0.8110516934046346,0.9038462484167666,0.36196877572367747,0.11706202463880007
621,transformer_full,0.80985803412274,0.9043318861495522,0.36170703307942786,0.11702164726804931
622,transformer_full,0.8086007130124777,0.9008918868426888,0.36734611948155876,0.11874630448787751
623,transformer_full,0.8073593073593074,0.9003815984196392,0.3698656530177909,0.11956099172872306
624,transformer_full,0.8099535268652915,0.901823762721288,0.3658483158951327,0.11846413316252584
625,transformer_full,0.809842118665648,0.9028293945726259,0.3644177751334877,0.11797510212068177
626,transformer_full,0.8117519735166794,0.9037137447289523,0.36142493321226876,0.11712553288028292
627,transformer_full,0.8117519735166794,0.9020323737484102,0.3642783963738472,0.11792457580244345
628,transformer_full,0.8088553603259485,0.9022481588120136,0.36654378176933716,0.11863352491835244
629,transformer_full,0.8089190221543163,0.8999659728587219,0.36863631453235657,0.11939717076333406
630,transformer_full,0.8086325439266616,0.900316432835053,0.36874199926180007,0.11936093947866205
631,transformer_full,0.8089508530685001,0.9011242716978596,0.36706405069057607,0.11886168805695947
632,transformer_full,0.8130411255411255,0.9017029918570655,0.36579585083947264,0.11820876059034247
633,transformer_full,0.8091259230965113,0.9007937060696171,0.3689673409817499,0.11925681245851452
634,transformer_full,0.8131366182836771,0.903115018121357,0.3613918022182391,0.11698741681996004
635,transformer_full,0.8110835243188185,0.9029452217562798,0.3623889457167286,0.11740670900115018
636,transformer_full,0.8123567608861727,0.9031320978190474,0.3626704728201634,0.11736009500025914
637,transformer_full,0.8075980392156863,0.9004552985483651,0.367719230437774,0.11903684165809755
638,transformer_full,0.8098739495798319,0.900709228817427,0.3673255581313046,0.11901821653241292
639,transformer_full,0.8106219760631526,0.9013245924067115,0.36699345272517264,0.11864665016232531
640,transformer_full,0.8132480264833206,0.904065947876898,0.3613152554368568,0.11683623464235854
641,transformer_full,0.8110676088617265,0.901849447427068,0.3651609933371972,0.11792306451458932
642,transformer_full,0.8100171886936592,0.9013528650413789,0.3672249869344077,0.11874196493030377
643,transformer_full,0.8098739495798319,0.9014049069163863,0.3660572777298401,0.11865299476392703
644,transformer_full,0.8092850776674306,0.9017579126596775,0.36594704331956196,0.11839259759899431
645,transformer_full,0.8102081741787625,0.9002862031116102,0.36960315749740863,0.11948030646495336
646,transformer_full,0.8103991596638656,0.899885766120408,0.3692108246762301,0.1191423333952944
647,transformer_full,0.8101922587216704,0.9011569944156204,0.3679937220429844,0.11887783214373675
648,transformer_full,0.8111471861471862,0.9010562442564377,0.3664070736613856,0.11857596384692903
649,transformer_full,0.8100012732365673,0.901536405252208,0.36609302317181547,0.11862007332503156
650,transformer_full,0.8082346574993634,0.9000392512586708,0.36937061898165574,0.11964604062755423
651,transformer_full,0.8115132416603005,0.9024812585871445,0.364723816223051,0.11785063289674384
652,transformer_full,0.809189584924879,0.9008462760034077,0.36731516546614235,0.11890438216764583
653,transformer_full,0.8095556404379933,0.9013139717639707,0.36698062460877434,0.11885862363347019
654,transformer_full,0.8098898650369238,0.9005130528450825,0.36774212054253186,0.11898608308039153
655,transformer_full,0.8124522536287242,0.9018995030530148,0.36444534660664263,0.11777722668139473
656,transformer_full,0.8080118411000764,0.8998149644001685,0.37017430659823586,0.11971764807001971
657,transformer_full,0.8125795772854596,0.9026154144005374,0.36264472140242593,0.11740758475691188
658,transformer_full,0.8106378915202445,0.9033395608229312,0.36382585357504843,0.11779163018730769
659,transformer_full,0.8073274764451235,0.9016033198246949,0.3670391972849491,0.11883183228024889
660,transformer_full,0.8119270435446906,0.9021478425805298,0.36599442296204493,0.11829083673683828
661,transformer_full,0.8123090145148969,0.9031573759187503,0.36342910410527324,0.11755924001245276
662,transformer_full,0.8083301502419149,0.9018140837489297,0.3655807822038714,0.11853567876744792
663,transformer_full,0.8094601476954418,0.9006155071802391,0.3693270127369394,0.11932181040791602
664,transformer_full,0.806993251846193,0.8996625047887677,0.36897718948524955,0.1196295565889635
665,transformer_full,0.8079163483575248,0.9008445416879856,0.3686283492180643,0.11918401279088961
666,transformer_full,0.8078367710720652,0.9017565559893856,0.3654525091601169,0.11859508452671938
667,transformer_full,0.8108766233766234,0.9010931635210009,0.3668965121781054,0.1186385874464574
668,transformer_full,0.8130092946269417,0.9047640911995698,0.35963387478653225,0.11645544681729872
669,transformer_full,0.8109084542908073,0.9016575177022865,0.3656486264172047,0.11813679027299981
670,transformer_full,0.8082824038706392,0.9006061066626324,0.36843545022154967,0.11909642647320971
671,transformer_full,0.810096765979119,0.9017881585124246,0.36531123584412956,0.11822805140128662
672,transformer_full,0.8114973262032086,0.9020042981175556,0.3656011774677181,0.11817589828830984
673,transformer_full,0.8104469060351414,0.9017811185524478,0.36595602934430466,0.11822044853093601
674,transformer_full,0.8122930990578049,0.9031296585614605,0.3624105282748591,0.11730851265805596
675,transformer_full,0.8095238095238095,0.9032272038839732,0.36429066760885276,0.11783688065891687
676,transformer_full,0.8110994397759104,0.9002369621190032,0.36772423926698194,0.11893156881456103
677,transformer_full,0.810287751464222,0.9017297256224925,0.3655657917107563,0.1184070974183207
678,transformer_full,0.8097307104660045,0.9029159593099146,0.36462087514678937,0.1179511767281968
679,transformer_full,0.8110198624904508,0.903473583738796,0.3635358409097286,0.11749094719390518
680,transformer_full,0.8093805704099821,0.902948996293663,0.36314911516066684,0.11770225327830523
681,transformer_full,0.8076139546727782,0.9014922037681599,0.3677229591545575,0.11898753577717809
682,transformer_full,0.8108607079195315,0.9020633479569189,0.3649917754737822,0.11812468348399863
683,transformer_full,0.8112426788897377,0.9019176809042184,0.365054002312554,0.11807767336012731
684,transformer_full,0.8108288770053476,0.9027417130799651,0.36375310691528584,0.11773318224316649
685,transformer_full,0.8081232492997199,0.9003035749829242,0.36940399872187774,0.11946605441596354
686,transformer_full,0.8118952126305068,0.9014724648092567,0.365666780854148,0.11836723083317725
687,transformer_full,0.8114814107461167,0.8999612472501707,0.3681105785675122,0.1190718519318033
688,transformer_full,0.810064935064935,0.9013192568761864,0.3664718629496151,0.11853760506160255
689,transformer_full,0.8089031066972243,0.9009444452577351,0.3676021203826865,0.11886182872475473
690,transformer_full,0.808107333842628,0.9002250591444299,0.3685910475352367,0.11943237847237673
691,transformer_full,0.8119429590017825,0.9030365364700215,0.3632166955007825,0.1174002615539462
692,transformer_full,0.8061815635345048,0.8989462526015246,0.37130845711115434,0.12037652034620927
693,transformer_full,0.8111631016042781,0.9022614338608281,0.3654072553575784,0.11811391140795233
694,transformer_full,0.8075821237585944,0.9015112285102297,0.36646782966983543,0.11903786078797306
695,transformer_full,0.809635217723453,0.90156827912233,0.36663143017912925,0.11860907904163537
696,transformer_full,0.8100331041507512,0.8996758921394339,0.36980219828325384,0.11959026103978732
697,transformer_full,0.8089031066972243,0.9017057580039087,0.36746652087974646,0.11868302565119628
698,transformer_full,0.8124045072574484,0.9034911249772777,0.3632705193428277,0.11759772984466928
699,transformer_full,0.8119270435446906,0.9024057212273178,0.36454198156331213,0.11785194767959271
700,transformer_full,0.8103673287496816,0.9002139147859911,0.3680217630870486,0.11914448856571441
701,transformer_full,0.8108925388337153,0.9031143134769544,0.3634517969533247,0.11770409040251453
702,transformer_full,0.8099694423223835,0.900360012329129,0.3677722811438039,0.11896073066048389
703,transformer_full,0.8086325439266616,0.9006425129659341,0.3670713745742171,0.11897553500339268
704,transformer_full,0.8107652151769799,0.9026459884072024,0.3644904739399422,0.11762899227637881
705,transformer_full,0.8091259230965113,0.902203186923844,0.3655361261863473,0.11828317126491876
706,transformer_full,0.8110994397759104,0.9017599366708247,0.36548411299417977,0.11825654738586835
707,transformer_full,0.811624649859944,0.9024707191344328,0.3654732929157663,0.1180913805135316
708,transformer_full,0.8121021135727018,0.9027995840249896,0.36517854014260437,0.11790749123419927
709,transformer_full,0.8092850776674306,0.9022714556672611,0.36495249535942864,0.11806799838942897
710,transformer_full,0.8091418385536032,0.902021242117517,0.3658609289397378,0.11835444088726983
711,transformer_full,0.808091418385536,0.9010039285812406,0.3663300405014133,0.1188463352290597
712,transformer_full,0.8103354978354979,0.9015797499096507,0.3672958816425258,0.11873775884453025
713,transformer_full,0.8111471861471862,0.9025746959381976,0.3644713246098027,0.11782657907030272
714,transformer_full,0.8112745098039216,0.9018401778479233,0.3657768555299907,0.11817923913027147
715,transformer_full,0.8082824038706392,0.9006394004697754,0.3684040010360075,0.11924657525950019
716,transformer_full,0.8102240896358543,0.9015583574668176,0.3673112840232325,0.11868548537576475
717,transformer_full,0.809189584924879,0.9007800016426378,0.36718934706395,0.1187592430487324
718,transformer_full,0.8087757830404889,0.9022628840294658,0.3656869622380578,0.11822071226456977
719,transformer_full,0.8086484593837535,0.9018150949556196,0.3658210153073731,0.11840910609044224
720,transformer_full,0.8089985994397759,0.9009020392440361,0.36737038865619653,0.11903133232017163
721,transformer_full,0.8080436720142602,0.8998351659132355,0.36925991296105093,0.11970178802210212
722,transformer_full,0.8080755029284441,0.9002248670760131,0.36873644847114057,0.11946845985563315
723,transformer_full,0.8106538069773364,0.9018445032851637,0.3649451773594452,0.1181990612946066
724,transformer_full,0.8111153552330023,0.9022176870581831,0.3644576915016273,0.11800808235942768
725,transformer_full,0.8113222561751974,0.903192229401541,0.36285612944833784,0.11733868441293145
726,transformer_full,0.8082346574993634,0.9015576761457539,0.367005164190636,0.1188218652559541
727,transformer_full,0.8116883116883117,0.9019966610871164,0.36522110340737807,0.11809326549227417
728,transformer_full,0.8095397249809014,0.901965915558183,0.3663365076764598,0.11845132936420737
729,transformer_full,0.8110039470333588,0.9013115650138515,0.3676776095634793,0.11877782863640175
730,transformer_full,0.8104946524064172,0.9013517162820123,0.36619183494608226,0.11848486388641076
731,transformer_full,0.807438884644767,0.9002577903204068,0.3695099932191376,0.11957913455235612
732,transformer_full,0.8107652151769799,0.901271347661488,0.36642628120237286,0.11845610556752628
733,transformer_full,0.8098898650369238,0.900676346109822,0.3675792907215968,0.11898448665437973
734,transformer_full,0.8122135217723453,0.9023811154004764,0.36444268414182346,0.11765361479913897
735,transformer_full,0.8100490196078431,0.9000122603052763,0.3686630725121698,0.11923330726330868
736,transformer_full,0.8089985994397759,0.9006390129333491,0.3685977024703511,0.11922833001470591
737,transformer_full,0.8104946524064172,0.9010975954575753,0.36641094307660943,0.11868978870876425
738,transformer_full,0.8114973262032086,0.9013687458290043,0.36704407693494906,0.11855702531194037
739,transformer_full,0.8098739495798319,0.9022181950581192,0.3656310304939884,0.1180664609340766
740,transformer_full,0.809189584924879,0.9008120179805705,0.36739363982332696,0.11896680776253095
741,transformer_full,0.8107652151769799,0.9009707882106716,0.36635783102023856,0.11859238033292169
742,transformer_full,0.8093328240387064,0.9010913409441873,0.3671945723314749,0.11871529576147108
743,transformer_full,0.8114336643748409,0.9019566326031332,0.365603328346784,0.11825050376177222
744,transformer_full,0.8102081741787625,0.9009166950568348,0.36721463891112704,0.11874126894264382
745,transformer_full,0.8125795772854596,0.9017332250834481,0.36611666700815254,0.11807135097666115
746,transformer_full,0.8113222561751974,0.9014039858244333,0.365713673124064,0.11831476258024329
747,transformer_full,0.811401833460657,0.9041697209671838,0.36243836123879364,0.11706352060154641
748,transformer_full,0.8131207028265852,0.9024287393813126,0.365221343308837,0.11792659600025385
749,transformer_full,0.8092850776674306,0.9007200140506011,0.367890330486696,0.1189472297185535
750,transformer_full,0.8106856378915203,0.9028262765377311,0.365303009730168,0.11815440756683539
751,transformer_full,0.8108925388337153,0.90291007842217,0.36452770198875956,0.11777009353666641
752,transformer_full,0.8091736694677871,0.9007601122090221,0.3689641649103177,0.11928526398340807
753,transformer_full,0.8068818436465496,0.9014765216070756,0.3665265431306429,0.11874538594914484
754,transformer_full,0.8103673287496816,0.9013779941159159,0.3662403749922289,0.11863149782380952
755,transformer_full,0.81117901706137,0.9012519553382157,0.36644144370905696,0.11840709487929219
756,transformer_full,0.809842118665648,0.9010311889654296,0.3677646852276156,0.11901393172896815
757,transformer_full,0.8101126814362108,0.9016490137114835,0.3654438743926834,0.11835094942932947
758,transformer_full,0.8111153552330023,0.9021846358272094,0.36483221845811914,0.117970759803815
759,transformer_full,0.8110198624904508,0.9009373270004164,0.3663621674103871,0.1184999534378657
760,transformer_full,0.8127387318563789,0.9038002640039068,0.3617538741852546,0.11692657059017299
761,transformer_full,0.8084256429844665,0.9014826748498967,0.36733675765373497,0.1189730095172323
762,transformer_full,0.8095715558950853,0.9019824503762099,0.36656534641184035,0.11849200783923151
763,transformer_full,0.8088553603259485,0.8999815841175087,0.368873827467563,0.11931442989938433
764,transformer_full,0.8104946524064172,0.9017452469014939,0.3664015883922752,0.11834940847070327
765,transformer_full,0.8086962057550293,0.9011696772625604,0.36786367698714395,0.1188212029879659
766,transformer_full,0.8095556404379933,0.9009788063269147,0.36679083676151714,0.11899990975512828
767,transformer_full,0.8096988795518207,0.9007294689080373,0.36601475840224545,0.11862247920935554
768,transformer_full,0.8091100076394194,0.9022564639891045,0.36485721462183646,0.11819271908528521
769,transformer_full,0.8108607079195315,0.9017069637603707,0.3659715803646694,0.11830785754862441
770,transformer_full,0.8104469060351414,0.9031900464680054,0.3646046624298729,0.11784999243631934
771,transformer_full,0.8115928189457601,0.9014536973226874,0.36661590691083434,0.11843409130963237
772,transformer_full,0.8107811306340718,0.9014717684512805,0.3662533261781355,0.11842817720198248
773,transformer_full,0.8114177489177489,0.902088431484818,0.36519298900950675,0.11815205115151353
774,transformer_full,0.8080755029284441,0.9017245828509721,0.3658289823292087,0.11834772398959106
775,transformer_full,0.8113222561751974,0.9029697569063457,0.36412372229785817,0.11778795356865848
776,transformer_full,0.8104787369493252,0.9019544587096571,0.3656784274088203,0.11828931753646364
777,transformer_full,0.8082983193277311,0.9019298584635946,0.3671939502630455,0.1187621132352773
778,transformer_full,0.8098262032085561,0.902901322888773,0.36371248199322,0.11779243160635969
779,transformer_full,0.8095238095238095,0.9011733325189374,0.36721710433950117,0.11884379892728603
780,transformer_full,0.8084893048128342,0.9016679910612171,0.3669074321577181,0.11888157296964741
781,transformer_full,0.8095715558950853,0.9023363411183201,0.36513271824876997,0.11825197538371911
782,transformer_full,0.8097147950089126,0.9020402105883356,0.36570111225897317,0.11829138847691197
783,transformer_full,0.8083460656990069,0.9010543454755817,0.36888683515790055,0.11930417545068937
784,transformer_full,0.8096193022663611,0.9015048766533047,0.36589558867568733,0.1185551566991786
785,transformer_full,0.810749299719888,0.9024958348987737,0.36416118753491933,0.11788605767508234
786,transformer_full,0.8132639419404125,0.9021768427013535,0.36487614832423815,0.1179776128894093
787,transformer_full,0.8078049401578813,0.9009756593661211,0.3678997735058173,0.11912234831360374
788,transformer_full,0.8095397249809014,0.9006935367132709,0.3667322742807099,0.11899078591297982
789,transformer_full,0.8123885918003565,0.9024731881725829,0.36386096025008086,0.11748943395953175
790,transformer_full,0.8119270435446906,0.9019240032254998,0.36580215107516995,0.11843538275932476
791,transformer_full,0.80721606824548,0.8984116974176275,0.37315837344745717,0.12064322456790928
792,transformer_full,0.8082664884135472,0.8994704268226409,0.37051293240138966,0.11989453876945727
793,transformer_full,0.8104469060351414,0.8997724814629678,0.368544238874956,0.11924985461383884
794,transformer_full,0.810287751464222,0.9011855996631242,0.36606914767333093,0.11855764156035731
795,transformer_full,0.8107333842627961,0.9025796902654746,0.3645481769435334,0.11791938187331348
796,transformer_full,0.8126591545709193,0.9015341371871837,0.36558653916865974,0.11804667437526307
797,transformer_full,0.8118315508021391,0.9012718308614036,0.36674517790818584,0.11852055440322955
798,transformer_full,0.810972116119175,0.9036582529114383,0.3626205420388295,0.11737858227984552
799,transformer_full,0.8104150751209575,0.9009921310916617,0.3670433142093005,0.11866502618758469
800,transformer_full,0.8094919786096256,0.9012058283965325,0.36649720015163234,0.11871247532559732
801,transformer_full,0.8092373312961548,0.9015431171866268,0.3661171603485685,0.11862346844220353
802,transformer_full,0.8126909854851031,0.9028966787175648,0.36302163234725926,0.11753123228383681
803,transformer_full,0.809189584924879,0.9008156489860573,0.36796937189766615,0.1190026378228542
804,transformer_full,0.8094919786096256,0.90097178981443,0.36695573672051107,0.11887548931129883
805,transformer_full,0.8082028265851795,0.8999388485564237,0.3684629374876663,0.1192436390697186
806,transformer_full,0.810972116119175,0.9021597297781669,0.3651721879623134,0.11822567794587567
807,transformer_full,0.8100490196078431,0.9013170210812496,0.3681154874673732,0.1189736036099404
808,transformer_full,0.8093169085816144,0.9008011309338322,0.36790373762079964,0.11902883522262174
809,transformer_full,0.8120225362872422,0.9033695717889747,0.3622053638787495,0.11724820131653259
810,transformer_full,0.8123726763432646,0.9009387154380583,0.3675139058908523,0.11878741418730815
811,transformer_full,0.8093328240387064,0.901206129852565,0.36662311792584845,0.11877098190757863
812,transformer_full,0.810749299719888,0.9004590856197427,0.3681494149791703,0.11899800553646528
813,transformer_full,0.8114177489177489,0.9014104903357893,0.36656358721922466,0.11851288990121792
814,transformer_full,0.80985803412274,0.8999613893684851,0.3684091431420679,0.11934387032206444
815,transformer_full,0.8105105678635091,0.9017679419239731,0.3662343487320022,0.11839343528433673
816,transformer_full,0.810972116119175,0.902387222107958,0.3660525096270627,0.11830145381964506
817,transformer_full,0.8114336643748409,0.9028014931325227,0.36412043638521996,0.11778840539062675
818,transformer_full,0.8093805704099821,0.9008126698182777,0.36790932878439353,0.11906929757488548
819,transformer_full,0.8102718360071302,0.9016803613631701,0.36613984739445604,0.1183389927251217
820,transformer_full,0.8072638146167558,0.9005858816379331,0.36888873079121515,0.11930365510914315
821,transformer_full,0.8096670486376368,0.9017340723503627,0.36566284649709485,0.11844534037782173
822,transformer_full,0.8095397249809014,0.9012455878448706,0.3666818103946048,0.11859443891774801
823,transformer_full,0.8121976063152534,0.9033349804709477,0.363322474325526,0.11745467447167768
824,transformer_full,0.8097307104660045,0.9007425577753003,0.36739379911443854,0.11886324081782315
825,transformer_full,0.809412401324166,0.9012842437650275,0.3668927153106156,0.11872701014207843
826,transformer_full,0.8100490196078431,0.9013496692953615,0.3664751061832016,0.1186185028939705
827,transformer_full,0.8116564807741279,0.9046018374560401,0.3614654246195379,0.11693051288357519
828,transformer_full,0.8108288770053476,0.9019872565523194,0.36567372910655915,0.11842157754502214
829,transformer_full,0.8121498599439776,0.9036877672503287,0.36208757391027646,0.117217310921908
830,transformer_full,0.81117901706137,0.901200289300867,0.36576141995738437,0.11837421225343091
831,transformer_full,0.8113381716322893,0.9006129896484838,0.3685075348865037,0.11911172263423739
832,transformer_full,0.8101763432645785,0.9011651795497065,0.3673084679262811,0.11882666430153863
833,transformer_full,0.8073115609880316,0.9003310906157116,0.36864221057138846,0.1195914106602541
834,transformer_full,0.811624649859944,0.9027646654877359,0.36398596691959834,0.11770000177907496
835,transformer_full,0.8104787369493252,0.9015573376703823,0.36582791785172575,0.11839974359557529
836,transformer_full,0.8105901451489687,0.9022110286620277,0.3655677546659369,0.11831604896498774
837,transformer_full,0.8095715558950853,0.9005767974537275,0.3689739780719844,0.11920789306924577
838,transformer_full,0.8110516934046346,0.9010982231924805,0.3666415176019688,0.11852964165391124
839,transformer_full,0.8114495798319328,0.9022523676772158,0.36423160479497296,0.11783433539094536
840,transformer_full,0.8089031066972243,0.9014795204568121,0.3662914059969528,0.11860038996994444
841,transformer_full,0.8087280366692131,0.9022743725277986,0.36550035819635157,0.11836793406867353
842,transformer_full,0.8132639419404125,0.9042131955377932,0.36179906079691293,0.11692108406925188
843,transformer_full,0.8109243697478992,0.9023625385462091,0.36436340231604936,0.117782732816123
844,transformer_full,0.813152533740769,0.9022317518689567,0.36460821211782657,0.11796776527302129
845,transformer_full,0.8134549274255156,0.902982348111667,0.36253875593409884,0.11735683283273886
846,transformer_full,0.8119111280875987,0.9020165687790043,0.36381687740032553,0.11798342189825094
847,transformer_full,0.8094442322383499,0.9018063430019689,0.3662617584263388,0.11853599819635922
848,transformer_full,0.8099535268652915,0.90246071766018,0.36498473006743404,0.11815380999728922
849,transformer_full,0.8099535268652915,0.8989604853643736,0.37037865749755006,0.11985689715165826
850,transformer_full,0.8110835243188185,0.9027019479463,0.36351849751362353,0.1177224957834208
851,transformer_full,0.8078367710720652,0.9008503375337329,0.3694275070632162,0.11934606179326852
852,transformer_full,0.8110039470333588,0.9011522782966654,0.3673133862994796,0.11901653130140813
853,transformer_full,0.8067226890756303,0.9012451823313414,0.36792427542495076,0.11904127669828445
854,transformer_full,0.8101126814362108,0.9011283014836582,0.36782548833685386,0.11864794838384592
855,transformer_full,0.8108447924624396,0.901201553940238,0.36556858355288524,0.1183252273949641
856,transformer_full,0.8092850776674306,0.9018988096788787,0.36610406875007195,0.11855715373011062
857,transformer_full,0.810064935064935,0.9007273925660173,0.36772138236856505,0.1190242196222619
858,transformer_full,0.8107333842627961,0.9020032068202197,0.36467472667340306,0.11819825063082862
859,transformer_full,0.812277183600713,0.9042285704650217,0.3612350089299452,0.11693551128123245
860,transformer_full,0.8086962057550293,0.9003297500188123,0.3679719000062195,0.11899990861747141
861,transformer_full,0.808966768525592,0.9014666728078389,0.36728461962820536,0.11884741891319264
862,transformer_full,0.8094442322383499,0.9028735119754977,0.3650067162997098,0.11809469593708251
863,transformer_full,0.8091736694677871,0.902457041342772,0.3654812742853085,0.11836413993019229
864,transformer_full,0.8111153552330023,0.9019184754478469,0.3664469025193244,0.11839920624069672
865,transformer_full,0.8122930990578049,0.9027495588851263,0.3637486800134252,0.11761753702104683
866,transformer_full,0.8106697224344284,0.9027811336034466,0.3631248304384175,0.11767692211374803
867,transformer_full,0.8105742296918768,0.9020884918950958,0.36530411639824445,0.11814474249176365
868,transformer_full,0.8098262032085561,0.9010882592387295,0.36646895129842205,0.11874662700879286
869,transformer_full,0.8117678889737713,0.9013450223571233,0.367082697604959,0.11867344350120436
870,transformer_full,0.8115450725744844,0.9011304396851767,0.3669381128868177,0.11862620211600325
871,transformer_full,0.8131207028265852,0.9027241943264399,0.36539440095150555,0.11782010989668058
872,transformer_full,0.8093805704099821,0.9035054873711907,0.3621044053969214,0.11719825842004539
873,transformer_full,0.8102400050929462,0.9003035492846185,0.3680515533145454,0.11912563737557284
874,transformer_full,0.8102081741787625,0.9007554131845559,0.36825027277594496,0.1188848253750528
875,transformer_full,0.8118792971734148,0.9031386560262311,0.36342475356488235,0.11742308793068186
876,transformer_full,0.8076139546727782,0.8987511681860477,0.3717757784299029,0.12029648118435439
877,transformer_full,0.8143939393939394,0.9038647473483754,0.36091875949236446,0.1168603209422704
878,transformer_full,0.8092850776674306,0.9003509896933974,0.3697208941549421,0.11932612601808633
879,transformer_full,0.8088394448688566,0.9017148621219184,0.36579443747948487,0.11849132699262299
880,transformer_full,0.80853705118411,0.8997325873075228,0.3697222447965828,0.11972697489519334
881,transformer_full,0.8104787369493252,0.9022393118841124,0.3651805508529093,0.11827093164488399
882,transformer_full,0.8115450725744844,0.902426214597597,0.3649297207952917,0.11797658280262757
883,transformer_full,0.8080436720142602,0.9007469539571689,0.3681040703400714,0.1191785580312457
884,transformer_full,0.809189584924879,0.9008904490687062,0.36815861494887586,0.11891724748530261
885,transformer_full,0.8110835243188185,0.9015796866955892,0.36561857466442155,0.11837776945838716
886,transformer_full,0.8080436720142602,0.901254131425097,0.3669642469386395,0.11874918374474412
887,transformer_full,0.8097147950089126,0.9007715949881676,0.36747364192640897,0.11901629068311619
888,transformer_full,0.8138528138528138,0.9027838194249206,0.36367896993546767,0.1176285812116488
889,transformer_full,0.8103832442067737,0.9023930725764229,0.36505506332156,0.11810998519288415
890,transformer_full,0.8108766233766234,0.9010721550597665,0.3673725617948384,0.1187040076625476
891,transformer_full,0.8089508530685001,0.9020872474038916,0.3666366367264063,0.11854445759949536
892,transformer_full,0.8115769034886682,0.9027271648706636,0.3648247468636673,0.11789265793579981
893,transformer_full,0.8086007130124777,0.9014118640822015,0.3681478796421313,0.1188562698194534
894,transformer_full,0.8087280366692131,0.9013073847519693,0.36761337206115247,0.1188649281330941
895,transformer_full,0.8086166284695696,0.9011606766716702,0.36707797638770395,0.11912323345530053
896,transformer_full,0.8122294372294372,0.904483049899685,0.3614223628637929,0.11684096077275304
897,transformer_full,0.8120225362872422,0.902801333081605,0.3636484586546201,0.11751045562994775
898,transformer_full,0.8088076139546728,0.9006524337391443,0.36887225549457475,0.11928783987319841
899,transformer_full,0.8089985994397759,0.9009267498005096,0.3694193466386529,0.11936489573404856
900,transformer_full,0.8099216959511077,0.9014044252537758,0.36650774764755695,0.1186169728351228
901,transformer_full,0.8077253628724217,0.9003695232475668,0.3680453502811803,0.11911352892083008
902,transformer_full,0.8128978864272982,0.9019438813842926,0.3660870819654322,0.11814025099913165
903,transformer_full,0.8124045072574484,0.9037391830957577,0.3628783835104699,0.11747417282354347
904,transformer_full,0.8105423987776929,0.9013004104008375,0.3670721453997574,0.11881222583599972
905,transformer_full,0.8097943722943723,0.902536859057508,0.3643028722213736,0.11783643670685617
906,transformer_full,0.8122930990578049,0.902040381845286,0.3645609504282993,0.1178557984435426
907,transformer_full,0.812945632798574,0.9043801700541501,0.3607784816242432,0.1167313284231558
908,transformer_full,0.8099216959511077,0.9020175660434538,0.365862962790382,0.11841812010544256
909,transformer_full,0.8113381716322893,0.9024758375807436,0.3644439240769399,0.11799710154081147
910,transformer_full,0.8087121212121212,0.9005923718484312,0.3683837720524161,0.11913508928933654
911,transformer_full,0.8122135217723453,0.9015842838839478,0.364712579335749,0.1181584071575357
912,transformer_full,0.8125477463712758,0.9038083483510213,0.36286759524968015,0.11713952961684652
913,transformer_full,0.80985803412274,0.9017525922800809,0.3661644699901064,0.11849938517535069
914,transformer_full,0.8104946524064172,0.9029328142373407,0.3633046000515262,0.11762271115125245
915,transformer_full,0.811847466259231,0.9018241968062337,0.3648737991018488,0.11821577512439047
916,transformer_full,0.8064202953908837,0.8996486266725223,0.37197094171850836,0.12029141196287856
917,transformer_full,0.8096829640947288,0.9010272117976268,0.36761323388526645,0.11901374180096545
918,transformer_full,0.8097147950089126,0.901259418271023,0.3668600480557753,0.11883658318644347
919,transformer_full,0.808091418385536,0.9004750321342965,0.36588841410059586,0.11873078642815714
920,transformer_full,0.8097943722943723,0.9008521084171088,0.3673963011289436,0.11876982887106438
921,transformer_full,0.8077731092436975,0.9011050373446714,0.3677460872090167,0.11918036683328097
922,transformer_full,0.8101126814362108,0.9019841880778261,0.36584785355503197,0.11839519327714548
923,transformer_full,0.8083938120702827,0.9005397504248283,0.3691598931532753,0.11941434680101985
924,transformer_full,0.8058950853068501,0.8995757901508213,0.37037669405030943,0.11990963225312426
925,transformer_full,0.8112585943468297,0.9022405427185962,0.36571147782542324,0.11803976457001539
926,transformer_full,0.8106856378915203,0.9012729688922745,0.3658303594957559,0.11826067926411801
927,transformer_full,0.8093487394957983,0.9021637165601833,0.36455277228228244,0.11806696798073715
928,transformer_full,0.8107652151769799,0.8998985329269653,0.3685475331310036,0.11920217293588382
929,transformer_full,0.8090463458110517,0.9014766362610738,0.36707611543969265,0.11853297043083083
930,transformer_full,0.8119429590017825,0.9015911770611973,0.3654706525122583,0.11805629240709727
931,transformer_full,0.8114654952890247,0.9020169903608085,0.3656484786704791,0.11817626548864628
932,transformer_full,0.8126432391138273,0.904039460408804,0.36092320038279924,0.11692771461582918
933,transformer_full,0.808091418385536,0.9016954073283672,0.3663297278596326,0.11863599276728985
934,transformer_full,0.8098739495798319,0.9016588655473352,0.3658119947999051,0.11830316867806642
935,transformer_full,0.8108447924624396,0.9037027252246366,0.3614462080137487,0.11702272180622134
936,transformer_full,0.8108288770053476,0.9026283354060829,0.36443113724514403,0.11769076670583534
937,transformer_full,0.8082028265851795,0.9003625322515849,0.36872492546754243,0.11949067121147086
938,transformer_full,0.8090145148968678,0.9002841893943256,0.36839911580254847,0.11930112613627988
939,transformer_full,0.8114654952890247,0.9019650419305572,0.36529463569894893,0.11819592164597392
940,transformer_full,0.8107970460911638,0.9025741291506286,0.36380444930438943,0.1176788089795553
941,transformer_full,0.8107811306340718,0.9011803076462663,0.36669081293351463,0.11877549203476469
942,transformer_full,0.8085052202699261,0.9012636786668982,0.3672215328425987,0.11874472492489678
943,transformer_full,0.8088553603259485,0.9010172618474848,0.3683041664023648,0.11904386668225754
944,transformer_full,0.8096829640947288,0.901911947034428,0.36640111641174367,0.11863920209390998
945,transformer_full,0.8113222561751974,0.90178362384507,0.36509540640932064,0.11810455269229739
946,transformer_full,0.809412401324166,0.9015358311597589,0.36694304845754155,0.11857152133181548
947,transformer_full,0.8096829640947288,0.9016755672414907,0.36641196040781393,0.11851713088007476
948,transformer_full,0.8116564807741279,0.9039548813564959,0.3624114382054142,0.1172909012567381
949,transformer_full,0.8122135217723453,0.9034879455618259,0.362337586646513,0.11717972862028612
950,transformer_full,0.8086802902979373,0.9016664115727975,0.36586170146044467,0.11845550682625153
951,transformer_full,0.8101604278074866,0.902408881911342,0.3643680578537186,0.11801862932441826
952,transformer_full,0.814680417621594,0.9035392951413511,0.36283031575511776,0.11723312708048918
953,transformer_full,0.8088712757830405,0.9008937936607906,0.36834462110265564,0.11895326235785035
954,transformer_full,0.8101922587216704,0.9025749068386637,0.3644342088408359,0.11805328409758614
955,transformer_full,0.8091736694677871,0.9007069643762129,0.3672022037502602,0.11890632027969873
956,transformer_full,0.8102240896358543,0.9029222975437639,0.3636821643740627,0.11768082954354178
957,transformer_full,0.8087916984975808,0.9004886522183349,0.3694002269686591,0.11935640841834036
958,transformer_full,0.8085211357270181,0.901968010288106,0.36663050686359866,0.11859046116337224
959,transformer_full,0.8119907053730583,0.9024602586693431,0.36485451772403604,0.11802523429322197
960,transformer_full,0.8088553603259485,0.9013225143332518,0.3671309289253946,0.11877522090139467
961,transformer_full,0.8090463458110517,0.9007593687202033,0.3681290460055467,0.11909096028691567
962,transformer_full,0.8121498599439776,0.9009808517984299,0.3673363534954448,0.11874259643205007
963,transformer_full,0.8096829640947288,0.9031826187426095,0.3641250911078041,0.11785942274104362
964,transformer_full,0.8107811306340718,0.9019426880058863,0.3656679182355182,0.11838043263407418
965,transformer_full,0.8108607079195315,0.9019034782576216,0.36585017604122116,0.11833391405363212
966,transformer_full,0.8119747899159664,0.9035626711795659,0.36296996431272127,0.11731963591114505
967,transformer_full,0.8092055003819709,0.9029276972253791,0.36450712256285517,0.11799733942793744
968,transformer_full,0.809842118665648,0.9015803262095352,0.3668617486225006,0.11866516460871435
969,transformer_full,0.8095715558950853,0.9020738682042451,0.36646555778747747,0.1185720496492489
970,transformer_full,0.8093805704099821,0.9017072835892448,0.36680809820133947,0.11879166359777797
971,transformer_full,0.8123090145148969,0.9013290152705549,0.3657722478202387,0.11810945970544771
972,transformer_full,0.8102400050929462,0.9017346751457909,0.36469931650392107,0.11809875247924513
973,transformer_full,0.8084415584415584,0.9021887215678559,0.36500524985396476,0.11827758415292218
974,transformer_full,0.8067545199898141,0.9018463473820537,0.36637022371469624,0.1188143793067504
975,transformer_full,0.8094760631525337,0.9026536491129215,0.36393547456650815,0.11803043465669018
976,transformer_full,0.8107015533486122,0.9016436242985579,0.3663036227276802,0.11837790335682863
977,transformer_full,0.8129933791698497,0.9019747004672528,0.3650691806957297,0.11792120385726675
978,transformer_full,0.8107015533486122,0.9006309255663079,0.36818283479298786,0.11895833626975827
979,transformer_full,0.8075025464731347,0.9003744548730495,0.3678650765571336,0.11914298808127415
980,transformer_full,0.8106219760631526,0.9012680981118284,0.3656947130614922,0.11846322884255672
981,transformer_full,0.8117042271454036,0.902102818608943,0.36382826604574575,0.11789289397288091
982,transformer_full,0.8065953654188949,0.8994152843114605,0.37042158786393015,0.12000652414367792
983,transformer_full,0.8097147950089126,0.9021472820163805,0.366342690319668,0.11837065137221428
984,transformer_full,0.8100490196078431,0.9024389524418643,0.3646674417226386,0.1180671182112296
985,transformer_full,0.8122930990578049,0.9025770034193163,0.3635773637550742,0.11770139466068057
986,transformer_full,0.8090940921823275,0.90228900832914,0.3645119609073827,0.11825752559821581
987,transformer_full,0.8082824038706392,0.898865777620133,0.37151923158585737,0.12006327806638621
988,transformer_full,0.8123090145148969,0.9021024920201203,0.3639385901605957,0.11763710942497448
989,transformer_full,0.8089190221543163,0.9008698993750921,0.3676055882605658,0.11896083863451448
990,transformer_full,0.8106219760631526,0.9011306614244373,0.3665595849224921,0.11862947181032156
991,transformer_full,0.8092691622103387,0.9005175094573443,0.3677945653260511,0.11908702979712613
992,transformer_full,0.8093964858670741,0.9017541986807254,0.365754256276849,0.11852860923809419
993,transformer_full,0.8082187420422714,0.8987497852206936,0.37159887870943775,0.12013001305095303
994,transformer_full,0.8111312706900943,0.9037308391611673,0.36321504744766897,0.1173527486574097
995,transformer_full,0.8090145148968678,0.9004206965399462,0.3685546789114752,0.119130977402663
996,transformer_full,0.8091259230965113,0.9015196292790147,0.36650856602213056,0.11866628719401988
997,transformer_full,0.810096765979119,0.9002591361528282,0.36849470478473056,0.11919956930342156
998,transformer_full,0.8104309905780493,0.9000933734055822,0.36933346695128755,0.11928373604974457
999,transformer_full,0.8139164756811815,0.9034991639634562,0.36198317673739033,0.11701390093853678
